Title,URL
অনন্যা প্রকাশনী,https://www.prothoma.com/publisher/%E0%A6%85%E0%A6%A8%E0%A6%A8%E0%A7%8D%E0%A6%AF%E0%A6%BE-%E0%A6%AA%E0%A7%8D%E0%A6%B0%E0%A6%95%E0%A6%BE%E0%A6%B6%E0%A6%A8%E0%A7%80
অনিন্দ্য প্রকাশ,https://www.prothoma.com/publisher/%E0%A6%85%E0%A6%A8%E0%A6%BF%E0%A6%A8%E0%A7%8D%E0%A6%A6%E0%A7%8D%E0%A6%AF-%E0%A6%AA%E0%A7%8D%E0%A6%B0%E0%A6%95%E0%A6%BE%E0%A6%B6
অনুপম প্রকাশনী,https://www.prothoma.com/publisher/%E0%A6%85%E0%A6%A8%E0%A7%81%E0%A6%AA%E0%A6%AE-%E0%A6%AA%E0%A7%8D%E0%A6%B0%E0%A6%95%E0%A6%BE%E0%A6%B6%E0%A6%A8%E0%A7%80
অন্বেষা প্রকাশন,https://www.prothoma.com/publisher/%E0%A6%85%E0%A6%A8%E0%A7%8D%E0%A6%AC%E0%A7%87%E0%A6%B7%E0%A6%BE-%E0%A6%AA%E0%A7%8D%E0%A6%B0%E0%A6%95%E0%A6%BE%E0%A6%B6%E0%A6%A8
অন্যধারা,https://www.prothoma.com/publisher/%E0%A6%85%E0%A6%A8%E0%A7%8D%E0%A6%AF%E0%A6%A7%E0%A6%BE%E0%A6%B0%E0%A6%BE
অন্যপ্রকাশ,https://www.prothoma.com/publisher/%E0%A6%85%E0%A6%A8%E0%A7%8D%E0%A6%AF%E0%A6%AA%E0%A7%8D%E0%A6%B0%E0%A6%95%E0%A6%BE%E0%A6%B6
অবসর প্রকাশন,https://www.prothoma.com/publisher/%E0%A6%85%E0%A6%AC%E0%A6%B8%E0%A6%B0-%E0%A6%AA%E0%A7%8D%E0%A6%B0%E0%A6%95%E0%A6%BE%E0%A6%B6%E0%A6%A8
আনন্দ পাবলিশার্স (ভারত),https://www.prothoma.com/publisher/%E0%A6%86%E0%A6%A8%E0%A6%A8%E0%A7%8D%E0%A6%A6-%E0%A6%AA%E0%A6%BE%E0%A6%AC%E0%A6%B2%E0%A6%BF%E0%A6%B6%E0%A6%BE%E0%A6%B0%E0%A7%8D%E0%A6%B8-%28%E0%A6%AD%E0%A6%BE%E0%A6%B0%E0%A6%A4%29
অ্যাডর্ন পাবলিকেশন,https://www.prothoma.com/publisher/%E0%A6%85%E0%A7%8D%E0%A6%AF%E0%A6%BE%E0%A6%A1%E0%A6%B0%E0%A7%8D%E0%A6%A8-%E0%A6%AA%E0%A6%BE%E0%A6%AC%E0%A6%B2%E0%A6%BF%E0%A6%95%E0%A7%87%E0%A6%B6%E0%A6%A8
আগামী প্রকাশনী,https://www.prothoma.com/publisher/%E0%A6%86%E0%A6%97%E0%A6%BE%E0%A6%AE%E0%A7%80-%E0%A6%AA%E0%A7%8D%E0%A6%B0%E0%A6%95%E0%A6%BE%E0%A6%B6%E0%A6%A8%E0%A7%80
আদর্শ প্রকাশনী,https://www.prothoma.com/publisher/%E0%A6%86%E0%A6%A6%E0%A6%B0%E0%A7%8D%E0%A6%B6-%E0%A6%AA%E0%A7%8D%E0%A6%B0%E0%A6%95%E0%A6%BE%E0%A6%B6%E0%A6%A8%E0%A7%80
ইত্যাদি গ্রন্থ প্রকাশ,https://www.prothoma.com/publisher/%E0%A6%87%E0%A6%A4%E0%A7%8D%E0%A6%AF%E0%A6%BE%E0%A6%A6%E0%A6%BF-%E0%A6%97%E0%A7%8D%E0%A6%B0%E0%A6%A8%E0%A7%8D%E0%A6%A5-%E0%A6%AA%E0%A7%8D%E0%A6%B0%E0%A6%95%E0%A6%BE%E0%A6%B6
ঐতিহ্য,https://www.prothoma.com/publisher/%E0%A6%90%E0%A6%A4%E0%A6%BF%E0%A6%B9%E0%A7%8D%E0%A6%AF
কথাপ্রকাশ,https://www.prothoma.com/publisher/%E0%A6%95%E0%A6%A5%E0%A6%BE%E0%A6%AA%E0%A7%8D%E0%A6%B0%E0%A6%95%E0%A6%BE%E0%A6%B6
কাকলী প্রকাশনী,https://www.prothoma.com/publisher/%E0%A6%95%E0%A6%BE%E0%A6%95%E0%A6%B2%E0%A7%80-%E0%A6%AA%E0%A7%8D%E0%A6%B0%E0%A6%95%E0%A6%BE%E0%A6%B6%E0%A6%A8%E0%A7%80
খান ব্রাদার্স অ্যান্ড কোম্পানি,https://www.prothoma.com/publisher/%E0%A6%96%E0%A6%BE%E0%A6%A8-%E0%A6%AC%E0%A7%8D%E0%A6%B0%E0%A6%BE%E0%A6%A6%E0%A6%BE%E0%A6%B0%E0%A7%8D%E0%A6%B8-%E0%A6%85%E0%A7%8D%E0%A6%AF%E0%A6%BE%E0%A6%A8%E0%A7%8D%E0%A6%A1-%E0%A6%95%E0%A7%8B%E0%A6%AE%E0%A7%8D%E0%A6%AA%E0%A6%BE%E0%A6%A8%E0%A6%BF
জাগৃতি প্রকাশনী,https://www.prothoma.com/publisher/%E0%A6%9C%E0%A6%BE%E0%A6%97%E0%A7%83%E0%A6%A4%E0%A6%BF-%E0%A6%AA%E0%A7%8D%E0%A6%B0%E0%A6%95%E0%A6%BE%E0%A6%B6%E0%A6%A8%E0%A7%80
তাম্রলিপি,https://www.prothoma.com/publisher/%E0%A6%A4%E0%A6%BE%E0%A6%AE%E0%A7%8D%E0%A6%B0%E0%A6%B2%E0%A6%BF%E0%A6%AA%E0%A6%BF
দি ইউনিভার্সিটি প্রেস লিমিটেড,https://www.prothoma.com/publisher/%E0%A6%A6%E0%A6%BF-%E0%A6%87%E0%A6%89%E0%A6%A8%E0%A6%BF%E0%A6%AD%E0%A6%BE%E0%A6%B0%E0%A7%8D%E0%A6%B8%E0%A6%BF%E0%A6%9F%E0%A6%BF-%E0%A6%AA%E0%A7%8D%E0%A6%B0%E0%A7%87%E0%A6%B8-%E0%A6%B2%E0%A6%BF%E0%A6%AE%E0%A6%BF%E0%A6%9F%E0%A7%87%E0%A6%A1
দিব্য প্রকাশ,https://www.prothoma.com/publisher/%E0%A6%A6%E0%A6%BF%E0%A6%AC%E0%A7%8D%E0%A6%AF-%E0%A6%AA%E0%A7%8D%E0%A6%B0%E0%A6%95%E0%A6%BE%E0%A6%B6
দে’জ পাবলিশিং (ভারত),https://www.prothoma.com/publisher/%E0%A6%A6%E0%A7%87%E2%80%99%E0%A6%9C-%E0%A6%AA%E0%A6%BE%E0%A6%AC%E0%A6%B2%E0%A6%BF%E0%A6%B6%E0%A6%BF%E0%A6%82-%28%E0%A6%AD%E0%A6%BE%E0%A6%B0%E0%A6%A4%29
পাঞ্জেরী পাবলিকেশন,https://www.prothoma.com/publisher/%E0%A6%AA%E0%A6%BE%E0%A6%9E%E0%A7%8D%E0%A6%9C%E0%A7%87%E0%A6%B0%E0%A7%80-%E0%A6%AA%E0%A6%BE%E0%A6%AC%E0%A6%B2%E0%A6%BF%E0%A6%95%E0%A7%87%E0%A6%B6%E0%A6%A8
পাঠক সমাবেশ,https://www.prothoma.com/publisher/%E0%A6%AA%E0%A6%BE%E0%A6%A0%E0%A6%95-%E0%A6%B8%E0%A6%AE%E0%A6%BE%E0%A6%AC%E0%A7%87%E0%A6%B6
পার্ল পাবলিশার্স,https://www.prothoma.com/publisher/%E0%A6%AA%E0%A6%BE%E0%A6%B0%E0%A7%8D%E0%A6%B2-%E0%A6%AA%E0%A6%BE%E0%A6%AC%E0%A6%B2%E0%A6%BF%E0%A6%B6%E0%A6%BE%E0%A6%B0%E0%A7%8D%E0%A6%B8
প্রতীক প্রকাশনা,https://www.prothoma.com/publisher/%E0%A6%AA%E0%A7%8D%E0%A6%B0%E0%A6%A4%E0%A7%80%E0%A6%95-%E0%A6%AA%E0%A7%8D%E0%A6%B0%E0%A6%95%E0%A6%BE%E0%A6%B6%E0%A6%A8%E0%A6%BE
প্রথমা প্রকাশন,https://www.prothoma.com/publisher/prothoma
বাতিঘর প্রকাশনী,https://www.prothoma.com/publisher/%E0%A6%AC%E0%A6%BE%E0%A6%A4%E0%A6%BF%E0%A6%98%E0%A6%B0-%E0%A6%AA%E0%A7%8D%E0%A6%B0%E0%A6%95%E0%A6%BE%E0%A6%B6%E0%A6%A8%E0%A7%80
বিশ্বসাহিত্য কেন্দ্র,https://www.prothoma.com/publisher/%E0%A6%AC%E0%A6%BF%E0%A6%B6%E0%A7%8D%E0%A6%AC%E0%A6%B8%E0%A6%BE%E0%A6%B9%E0%A6%BF%E0%A6%A4%E0%A7%8D%E0%A6%AF-%E0%A6%95%E0%A7%87%E0%A6%A8%E0%A7%8D%E0%A6%A6%E0%A7%8D%E0%A6%B0
মাওলা ব্রাদার্স,https://www.prothoma.com/publisher/%E0%A6%AE%E0%A6%BE%E0%A6%93%E0%A6%B2%E0%A6%BE-%E0%A6%AC%E0%A7%8D%E0%A6%B0%E0%A6%BE%E0%A6%A6%E0%A6%BE%E0%A6%B0%E0%A7%8D%E0%A6%B8
বেঙ্গল পাবলিকেশন্‌স,https://www.prothoma.com/publisher/%E0%A6%AC%E0%A7%87%E0%A6%99%E0%A7%8D%E0%A6%97%E0%A6%B2-%E0%A6%AA%E0%A6%BE%E0%A6%AC%E0%A6%B2%E0%A6%BF%E0%A6%95%E0%A7%87%E0%A6%B6%E0%A6%A8%E0%A7%8D%E2%80%8C%E0%A6%B8
সময় প্রকাশন,https://www.prothoma.com/publisher/%E0%A6%B8%E0%A6%AE%E0%A6%AF%E0%A6%BC-%E0%A6%AA%E0%A7%8D%E0%A6%B0%E0%A6%95%E0%A6%BE%E0%A6%B6%E0%A6%A8
রোদেলা প্রকাশনী,https://www.prothoma.com/publisher/%E0%A6%B0%E0%A7%8B%E0%A6%A6%E0%A7%87%E0%A6%B2%E0%A6%BE-%E0%A6%AA%E0%A7%8D%E0%A6%B0%E0%A6%95%E0%A6%BE%E0%A6%B6%E0%A6%A8%E0%A7%80
সংবেদ,https://www.prothoma.com/publisher/%E0%A6%B8%E0%A6%82%E0%A6%AC%E0%A7%87%E0%A6%A6
হাওলাদার প্রকাশনী,https://www.prothoma.com/publisher/%E0%A6%B9%E0%A6%BE%E0%A6%93%E0%A6%B2%E0%A6%BE%E0%A6%A6%E0%A6%BE%E0%A6%B0-%E0%A6%AA%E0%A7%8D%E0%A6%B0%E0%A6%95%E0%A6%BE%E0%A6%B6%E0%A6%A8%E0%A7%80
বিদ্যাপ্রকাশ,https://www.prothoma.com/publisher/%E0%A6%AC%E0%A6%BF%E0%A6%A6%E0%A7%8D%E0%A6%AF%E0%A6%BE%E0%A6%AA%E0%A7%8D%E0%A6%B0%E0%A6%95%E0%A6%BE%E0%A6%B6
Kisloy Prokashon,https://www.prothoma.com/publisher/kisloy-prokashon
বিজ্ঞানচিন্তা,https://www.prothoma.com/publisher/%E0%A6%AC%E0%A6%BF%E0%A6%9C%E0%A7%8D%E0%A6%9E%E0%A6%BE%E0%A6%A8%E0%A6%9A%E0%A6%BF%E0%A6%A8%E0%A7%8D%E0%A6%A4%E0%A6%BE
Bona,https://www.prothoma.com/publisher/bona
Bangiya Sahitya Parisad,https://www.prothoma.com/publisher/bangiya-sahitya-parisad
ABP Pvt Ltd,https://www.prothoma.com/publisher/abp-pvt-ltd
Deep Prakashan,https://www.prothoma.com/publisher/deep-prakashan
Subarnarekha,https://www.prothoma.com/publisher/subarnarekha
দোয়েল (ভারত),https://www.prothoma.com/publisher/%E0%A6%A6%E0%A7%8B%E0%A6%AF%E0%A6%BC%E0%A7%87%E0%A6%B2-%28%E0%A6%AD%E0%A6%BE%E0%A6%B0%E0%A6%A4%29
Alakananda Publishers,https://www.prothoma.com/publisher/alakananda-publishers
Krittibas Prakashana,https://www.prothoma.com/publisher/krittibas-prakashana
Mainstream Publishing Company (Edinburgh) Ltd.,https://www.prothoma.com/publisher/mainstream-publishing-company-%28edinburgh%29-ltd.
Ratnabali,https://www.prothoma.com/publisher/ratnabali
Mindscape,https://www.prothoma.com/publisher/mindscape
Biswa Bangiya Prakashan,https://www.prothoma.com/publisher/biswa-bangiya-prakashan
9Iyriqal,https://www.prothoma.com/publisher/9iyriqal
Nakshatra,https://www.prothoma.com/publisher/nakshatra
আজকাল পাবলিশার্স (ভারত),https://www.prothoma.com/publisher/%E0%A6%86%E0%A6%9C%E0%A6%95%E0%A6%BE%E0%A6%B2-%E0%A6%AA%E0%A6%BE%E0%A6%AC%E0%A6%B2%E0%A6%BF%E0%A6%B6%E0%A6%BE%E0%A6%B0%E0%A7%8D%E0%A6%B8-%28%E0%A6%AD%E0%A6%BE%E0%A6%B0%E0%A6%A4%29
Sujan Prakashani,https://www.prothoma.com/publisher/sujan-prakashani
Karigar,https://www.prothoma.com/publisher/karigar
Boibhashik,https://www.prothoma.com/publisher/boibhashik
Janapadaprayas,https://www.prothoma.com/publisher/janapadaprayas
Prokriti,https://www.prothoma.com/publisher/prokriti
স্বর্ণাক্ষর প্রকাশনী (পি) লিমিটেড,https://www.prothoma.com/publisher/%E0%A6%B8%E0%A7%8D%E0%A6%AC%E0%A6%B0%E0%A7%8D%E0%A6%A3%E0%A6%BE%E0%A6%95%E0%A7%8D%E0%A6%B7%E0%A6%B0-%E0%A6%AA%E0%A7%8D%E0%A6%B0%E0%A6%95%E0%A6%BE%E0%A6%B6%E0%A6%A8%E0%A7%80-%28%E0%A6%AA%E0%A6%BF%29-%E0%A6%B2%E0%A6%BF%E0%A6%AE%E0%A6%BF%E0%A6%9F%E0%A7%87%E0%A6%A1
Lalmati,https://www.prothoma.com/publisher/lalmati
নিউ এজ পাবলিশার্স প্রাইভেট লিমিটেড,https://www.prothoma.com/publisher/%E0%A6%A8%E0%A6%BF%E0%A6%89-%E0%A6%8F%E0%A6%9C-%E0%A6%AA%E0%A6%BE%E0%A6%AC%E0%A6%B2%E0%A6%BF%E0%A6%B6%E0%A6%BE%E0%A6%B0%E0%A7%8D%E0%A6%B8-%E0%A6%AA%E0%A7%8D%E0%A6%B0%E0%A6%BE%E0%A6%87%E0%A6%AD%E0%A7%87%E0%A6%9F-%E0%A6%B2%E0%A6%BF%E0%A6%AE%E0%A6%BF%E0%A6%9F%E0%A7%87%E0%A6%A1
Modern Column,https://www.prothoma.com/publisher/modern-column
সুবর্ণরেখা,https://www.prothoma.com/publisher/%E0%A6%B8%E0%A7%81%E0%A6%AC%E0%A6%B0%E0%A7%8D%E0%A6%A3%E0%A6%B0%E0%A7%87%E0%A6%96%E0%A6%BE
কমলিনী প্রকাশন বিভাগ,https://www.prothoma.com/publisher/%E0%A6%95%E0%A6%AE%E0%A6%B2%E0%A6%BF%E0%A6%A8%E0%A7%80-%E0%A6%AA%E0%A7%8D%E0%A6%B0%E0%A6%95%E0%A6%BE%E0%A6%B6%E0%A6%A8-%E0%A6%AC%E0%A6%BF%E0%A6%AD%E0%A6%BE%E0%A6%97
মৌসুমী প্রকাশনী,https://www.prothoma.com/publisher/%E0%A6%AE%E0%A7%8C%E0%A6%B8%E0%A7%81%E0%A6%AE%E0%A7%80-%E0%A6%AA%E0%A7%8D%E0%A6%B0%E0%A6%95%E0%A6%BE%E0%A6%B6%E0%A6%A8%E0%A7%80
APP Book,https://www.prothoma.com/publisher/app-book
Sri Bharoti Press,https://www.prothoma.com/publisher/sri-bharoti-press
Mitram,https://www.prothoma.com/publisher/mitram
Rupasi Bangla,https://www.prothoma.com/publisher/rupasi-bangla
Nabapatra Prakashan,https://www.prothoma.com/publisher/nabapatra-prakashan
Rupali,https://www.prothoma.com/publisher/rupali
মৃত্তিকা,https://www.prothoma.com/publisher/%E0%A6%AE%E0%A7%83%E0%A6%A4%E0%A7%8D%E0%A6%A4%E0%A6%BF%E0%A6%95%E0%A6%BE
Sahitya Akademi,https://www.prothoma.com/publisher/sahitya-akademi
"Sahityam, India",https://www.prothoma.com/publisher/sahityam-india
Anjali Prokashani,https://www.prothoma.com/publisher/anjali-prokashani
গ্রন্থ তীর্থ,https://www.prothoma.com/publisher/%E0%A6%97%E0%A7%8D%E0%A6%B0%E0%A6%A8%E0%A7%8D%E0%A6%A5-%E0%A6%A4%E0%A7%80%E0%A6%B0%E0%A7%8D%E0%A6%A5
The Cafe Table,https://www.prothoma.com/publisher/the-cafe-table
Chhaya Publication,https://www.prothoma.com/publisher/chhaya-publication
Prima Publication,https://www.prothoma.com/publisher/prima-publication
New Bengal Press Pvt Ltd,https://www.prothoma.com/publisher/new-bengal-press-pvt-ltd
Rajya Charukala Parshad,https://www.prothoma.com/publisher/rajya-charukala-parshad
Ababhas,https://www.prothoma.com/publisher/ababhas
Boipattor,https://www.prothoma.com/publisher/boipattor
"Kriti, India",https://www.prothoma.com/publisher/kriti-india
Korok,https://www.prothoma.com/publisher/korok
Mandakranta,https://www.prothoma.com/publisher/mandakranta
Book World,https://www.prothoma.com/publisher/book-world
Sampan,https://www.prothoma.com/publisher/sampan
Abishkar Prakashani,https://www.prothoma.com/publisher/abishkar-prakashani
Bingsha Shatabdi,https://www.prothoma.com/publisher/bingsha-shatabdi
Narayan Pustakaloy,https://www.prothoma.com/publisher/narayan-pustakaloy
Naya Udyog,https://www.prothoma.com/publisher/naya-udyog
Baulmon Prakashan,https://www.prothoma.com/publisher/baulmon-prakashan
JapanChitra,https://www.prothoma.com/publisher/japanchitra
Bardhaman University,https://www.prothoma.com/publisher/bardhaman-university
"Sanskar, India",https://www.prothoma.com/publisher/sanskar-india
Sasadhar Prakashani,https://www.prothoma.com/publisher/sasadhar-prakashani
Priyashilpa Prakashan,https://www.prothoma.com/publisher/priyashilpa-prakashan
Kallol,https://www.prothoma.com/publisher/kallol
Dey Publications,https://www.prothoma.com/publisher/dey-publications
Barbie,https://www.prothoma.com/publisher/barbie
Sanskrit Pustak Bhandar,https://www.prothoma.com/publisher/sanskrit-pustak-bhandar
Haraf Prakashani,https://www.prothoma.com/publisher/haraf-prakashani
Achin Prokasani,https://www.prothoma.com/publisher/achin-prokasani
Pathak Publishers,https://www.prothoma.com/publisher/pathak-publishers
Ganbichitra Prokashani,https://www.prothoma.com/publisher/ganbichitra-prokashani
Firma KLM Pvt Ltd.,https://www.prothoma.com/publisher/firma-klm-pvt-ltd.
Udayarun,https://www.prothoma.com/publisher/udayarun
Galposarani,https://www.prothoma.com/publisher/galposarani
Nilanjona Publications,https://www.prothoma.com/publisher/nilanjona-publications
Urbi Prakasan,https://www.prothoma.com/publisher/urbi-prakasan
Amritalok Sahitya Parishad,https://www.prothoma.com/publisher/amritalok-sahitya-parishad
Proma,https://www.prothoma.com/publisher/proma
J.N. Chakraborty & Co.,https://www.prothoma.com/publisher/j.n.-chakraborty-&-co.
Manisha,https://www.prothoma.com/publisher/manisha
Chaturtha Dunia,https://www.prothoma.com/publisher/chaturtha-dunia
Prayag Prakasani,https://www.prothoma.com/publisher/prayag-prakasani
Suchetana,https://www.prothoma.com/publisher/suchetana
Sristisukh,https://www.prothoma.com/publisher/sristisukh
Vabishat,https://www.prothoma.com/publisher/vabishat
Nachiketa Prakashan,https://www.prothoma.com/publisher/nachiketa-prakashan
Society for Progressive Argumentation and Cultural Exchange (SPACE),https://www.prothoma.com/publisher/society-for-progressive-argumentation-and-cultural-exchange-%28space%29
Third Millennium Committee,https://www.prothoma.com/publisher/third-millennium-committee
Saginik Books,https://www.prothoma.com/publisher/saginik-books
Jaico Publishing House,https://www.prothoma.com/publisher/jaico-publishing-house
Sahityavihar,https://www.prothoma.com/publisher/sahityavihar
Image Publishing Group Pty Ltd,https://www.prothoma.com/publisher/image-publishing-group-pty-ltd
Bodhisattva,https://www.prothoma.com/publisher/bodhisattva
Juthika Book Stall,https://www.prothoma.com/publisher/juthika-book-stall
রুপা পাবলিকেশন্স (ভারত),https://www.prothoma.com/publisher/%E0%A6%B0%E0%A7%81%E0%A6%AA%E0%A6%BE-%E0%A6%AA%E0%A6%BE%E0%A6%AC%E0%A6%B2%E0%A6%BF%E0%A6%95%E0%A7%87%E0%A6%B6%E0%A6%A8%E0%A7%8D%E0%A6%B8-%28%E0%A6%AD%E0%A6%BE%E0%A6%B0%E0%A6%A4%29
Best Books,https://www.prothoma.com/publisher/best-books
Lark Books,https://www.prothoma.com/publisher/lark-books
Emancipation Publication,https://www.prothoma.com/publisher/emancipation-publication
Oxford University Press,https://www.prothoma.com/publisher/oxford-university-press
Mahua Publishars,https://www.prothoma.com/publisher/mahua-publishars
Kingfisher,https://www.prothoma.com/publisher/kingfisher
Vidyasagar Biswabidalay,https://www.prothoma.com/publisher/vidyasagar-biswabidalay
Loke Seva Shibir,https://www.prothoma.com/publisher/loke-seva-shibir
"National Book Trust, India",https://www.prothoma.com/publisher/national-book-trust-india
The shee book Agency,https://www.prothoma.com/publisher/the-shee-book-agency
Aakar Books,https://www.prothoma.com/publisher/aakar-books
Bikolpo Prokashani,https://www.prothoma.com/publisher/bikolpo-prokashani
Nippan,https://www.prothoma.com/publisher/nippan
Asia Publications,https://www.prothoma.com/publisher/asia-publications
Whitney Library Of Design,https://www.prothoma.com/publisher/whitney-library-of-design
Lok Prakashan,https://www.prothoma.com/publisher/lok-prakashan
Rupa & Co,https://www.prothoma.com/publisher/rupa-&-co
Uddalak Publishing House,https://www.prothoma.com/publisher/uddalak-publishing-house
Cambridge University Press,https://www.prothoma.com/publisher/cambridge-university-pres
Pavlav Institution,https://www.prothoma.com/publisher/pavlav-institution
"John Wiley & Sons, Inc.",https://www.prothoma.com/publisher/john-wiley-&-sons-inc.
SBS Publication,https://www.prothoma.com/publisher/sbs-publication
Routledge Taylor & Francis Group,https://www.prothoma.com/publisher/routledge-taylor-&-francis-group
Kolkata Prokashan,https://www.prothoma.com/publisher/kolkata-prokashan
Random House Publishers India Private Limited,https://www.prothoma.com/publisher/random-house-publishers-india-private-limited
RADIANCE,https://www.prothoma.com/publisher/radiance
"The Asiatic Society, India",https://www.prothoma.com/publisher/the-asiatic-society-india
Tamal Bhattacharya,https://www.prothoma.com/publisher/tamal-bhattacharya
Permanent Black,https://www.prothoma.com/publisher/permanent-black
Joka-Uttaran,https://www.prothoma.com/publisher/joka-uttaran
Women Unlimited (an associate of Kali for Women),https://www.prothoma.com/publisher/women-unlimited-%28an-associate-of-kali-for-women%29
Shaibya Prakashan Bibhag,https://www.prothoma.com/publisher/shaibya-prakashan-bibhag
"University of California Press, Ltd.",https://www.prothoma.com/publisher/university-of-california-press-ltd.
কিশোর আলো,https://www.prothoma.com/publisher/%E0%A6%95%E0%A6%BF%E0%A6%B6%E0%A7%8B%E0%A6%B0-%E0%A6%86%E0%A6%B2%E0%A7%8B
বাণীশিল্প (ভারত),https://www.prothoma.com/publisher/%E0%A6%AC%E0%A6%BE%E0%A6%A3%E0%A7%80%E0%A6%B6%E0%A6%BF%E0%A6%B2%E0%A7%8D%E0%A6%AA-%28%E0%A6%AD%E0%A6%BE%E0%A6%B0%E0%A6%A4%29
Barna Parichay Publisher's Pvt Ltd,https://www.prothoma.com/publisher/barna-parichay-publisher%27s-pvt-ltd
Munshiram Manoharlal Publishers Pvt. Ltd.,https://www.prothoma.com/publisher/munshiram-manoharlal-publishers-pvt.-ltd.
Joita Prokashani,https://www.prothoma.com/publisher/joita-prokashani
Niyogi Books,https://www.prothoma.com/publisher/niyogi-books
Bakshahitta Pvt Limited,https://www.prothoma.com/publisher/bakshahitta-pvt-limited
Jogemaya Prokashani,https://www.prothoma.com/publisher/jogemaya-prokashani
Sarambarkunja,https://www.prothoma.com/publisher/sarambarkunja
Academy Editions,https://www.prothoma.com/publisher/academy-editions
Nabadeep Puratattya Parishad,https://www.prothoma.com/publisher/nabadeep-puratattya-parishad
Universe Publishing,https://www.prothoma.com/publisher/universe-publishing
Kanan Prakashani,https://www.prothoma.com/publisher/kanan-prakashani
Tlm Books,https://www.prothoma.com/publisher/tlm-books
Charulata Prokashon,https://www.prothoma.com/publisher/charulata-prokashon
Laurence King Publishing,https://www.prothoma.com/publisher/laurence-king-publishing
New Central Book Agency Pvt. L,https://www.prothoma.com/publisher/new-central-book-agency-pvt.-l
The Pamphleteer's Press,https://www.prothoma.com/publisher/the-pamphleteer%27s-press
Srayan,https://www.prothoma.com/publisher/srayan
Seagull Books Private Limited (India),https://www.prothoma.com/publisher/seagull-books-private-limited-%28india%29
Sangeet Prokashan,https://www.prothoma.com/publisher/sangeet-prokashan
Sanjay & Company,https://www.prothoma.com/publisher/sanjay-&-company
Lina Books,https://www.prothoma.com/publisher/lina-books
Monohar Publication & Distributors,https://www.prothoma.com/publisher/monohar-publication-&-distributors
Sova,https://www.prothoma.com/publisher/sova
Ediciones Daly S.L.,https://www.prothoma.com/publisher/ediciones-daly-s.l.
Anjali Publisher,https://www.prothoma.com/publisher/anjali-publisher
Wiley-Academy,https://www.prothoma.com/publisher/wiley-academy
Purba,https://www.prothoma.com/publisher/purba
Prometheus Books,https://www.prothoma.com/publisher/prometheus-books
Renu Prokashani,https://www.prothoma.com/publisher/renu-prokashani
Viva Books Private Limited,https://www.prothoma.com/publisher/viva-books-private-limited
Debaloy Library,https://www.prothoma.com/publisher/debaloy-library
Gyan Publishing House,https://www.prothoma.com/publisher/gyan-publishing-house
Aditya Publishers,https://www.prothoma.com/publisher/aditya-publishers
Bombay Natural History Society,https://www.prothoma.com/publisher/bombay-natural-history-society
বেগবতী প্রকাশনী,https://www.prothoma.com/publisher/%E0%A6%AC%E0%A7%87%E0%A6%97%E0%A6%AC%E0%A6%A4%E0%A7%80-%E0%A6%AA%E0%A7%8D%E0%A6%B0%E0%A6%95%E0%A6%BE%E0%A6%B6%E0%A6%A8%E0%A7%80
Carles Broto & Josep Ma Minguet,https://www.prothoma.com/publisher/carles-broto-&-josep-ma-minguet
The University Press Limited(UPL),https://www.prothoma.com/publisher/the-university-press-limited%28upl%29
Chronicle Books,https://www.prothoma.com/publisher/chronicle-books
বাংলাদেশী,https://www.prothoma.com/publisher/%E0%A6%AC%E0%A6%BE%E0%A6%82%E0%A6%B2%E0%A6%BE%E0%A6%A6%E0%A7%87%E0%A6%B6%E0%A7%80
Radical Impression,https://www.prothoma.com/publisher/radical-impression
সাগর পাবলিশার্স,https://www.prothoma.com/publisher/%E0%A6%B8%E0%A6%BE%E0%A6%97%E0%A6%B0-%E0%A6%AA%E0%A6%BE%E0%A6%AC%E0%A6%B2%E0%A6%BF%E0%A6%B6%E0%A6%BE%E0%A6%B0%E0%A7%8D%E0%A6%B8
পশ্চিমবঙ্গ বাংলা একাডেমি,https://www.prothoma.com/publisher/%E0%A6%AA%E0%A6%B6%E0%A7%8D%E0%A6%9A%E0%A6%BF%E0%A6%AE%E0%A6%AC%E0%A6%99%E0%A7%8D%E0%A6%97-%E0%A6%AC%E0%A6%BE%E0%A6%82%E0%A6%B2%E0%A6%BE-%E0%A6%8F%E0%A6%95%E0%A6%BE%E0%A6%A1%E0%A7%87%E0%A6%AE%E0%A6%BF
ঢাকা কমিক্স,https://www.prothoma.com/publisher/%E0%A6%A2%E0%A6%BE%E0%A6%95%E0%A6%BE-%E0%A6%95%E0%A6%AE%E0%A6%BF%E0%A6%95%E0%A7%8D%E0%A6%B8
Hachette Book Publishing India Pvt Ltd,https://www.prothoma.com/publisher/hachette-book-publishing-india-pvt-ltd
আকাশ,https://www.prothoma.com/publisher/%E0%A6%86%E0%A6%95%E0%A6%BE%E0%A6%B6
HarperCollins Publishers India,https://www.prothoma.com/publisher/harpercollins-publishers-india
মহাকাল,https://www.prothoma.com/publisher/%E0%A6%AE%E0%A6%B9%E0%A6%BE%E0%A6%95%E0%A6%BE%E0%A6%B2
Blackwell Publishers,https://www.prothoma.com/publisher/blackwell-publishers
আবিষ্কার পাবলিকেশন,https://www.prothoma.com/publisher/%E0%A6%86%E0%A6%AC%E0%A6%BF%E0%A6%B7%E0%A7%8D%E0%A6%95%E0%A6%BE%E0%A6%B0-%E0%A6%AA%E0%A6%BE%E0%A6%AC%E0%A6%B2%E0%A6%BF%E0%A6%95%E0%A7%87%E0%A6%B6%E0%A6%A8
Tulika Books,https://www.prothoma.com/publisher/tulika-books
চন্দ্রদীপ,https://www.prothoma.com/publisher/%E0%A6%9A%E0%A6%A8%E0%A7%8D%E0%A6%A6%E0%A7%8D%E0%A6%B0%E0%A6%A6%E0%A7%80%E0%A6%AA
প্রতিক্ষণ পাবলিকেশন্স,https://www.prothoma.com/publisher/%E0%A6%AA%E0%A7%8D%E0%A6%B0%E0%A6%A4%E0%A6%BF%E0%A6%95%E0%A7%8D%E0%A6%B7%E0%A6%A3-%E0%A6%AA%E0%A6%BE%E0%A6%AC%E0%A6%B2%E0%A6%BF%E0%A6%95%E0%A7%87%E0%A6%B6%E0%A6%A8%E0%A7%8D%E0%A6%B8
সেগ,https://www.prothoma.com/publisher/%E0%A6%B8%E0%A7%87%E0%A6%97
UBS Publishers Distributors Ltd.,https://www.prothoma.com/publisher/ubs-publishers-distributors-ltd.
কমিউনিকা,https://www.prothoma.com/publisher/%E0%A6%95%E0%A6%AE%E0%A6%BF%E0%A6%89%E0%A6%A8%E0%A6%BF%E0%A6%95%E0%A6%BE
দ্য এশিয়াটিক সোসাইটি,https://www.prothoma.com/publisher/%E0%A6%A6%E0%A7%8D%E0%A6%AF-%E0%A6%8F%E0%A6%B6%E0%A6%BF%E0%A6%AF%E0%A6%BC%E0%A6%BE%E0%A6%9F%E0%A6%BF%E0%A6%95-%E0%A6%B8%E0%A7%8B%E0%A6%B8%E0%A6%BE%E0%A6%87%E0%A6%9F%E0%A6%BF
হিমু প্রকাশন,https://www.prothoma.com/publisher/%E0%A6%B9%E0%A6%BF%E0%A6%AE%E0%A7%81-%E0%A6%AA%E0%A7%8D%E0%A6%B0%E0%A6%95%E0%A6%BE%E0%A6%B6%E0%A6%A8
CHAMBERS,https://www.prothoma.com/publisher/chambers
আশ্রম,https://www.prothoma.com/publisher/%E0%A6%86%E0%A6%B6%E0%A7%8D%E0%A6%B0%E0%A6%AE
সেজ পাবলিকেশন্স ইন্ডিয়া,https://www.prothoma.com/publisher/%E0%A6%B8%E0%A7%87%E0%A6%9C-%E0%A6%AA%E0%A6%BE%E0%A6%AC%E0%A6%B2%E0%A6%BF%E0%A6%95%E0%A7%87%E0%A6%B6%E0%A6%A8%E0%A7%8D%E0%A6%B8-%E0%A6%87%E0%A6%A8%E0%A7%8D%E0%A6%A1%E0%A6%BF%E0%A6%AF%E0%A6%BC%E0%A6%BE
নিউ শিখা প্রকাশনী,https://www.prothoma.com/publisher/%E0%A6%A8%E0%A6%BF%E0%A6%89-%E0%A6%B6%E0%A6%BF%E0%A6%96%E0%A6%BE-%E0%A6%AA%E0%A7%8D%E0%A6%B0%E0%A6%95%E0%A6%BE%E0%A6%B6%E0%A6%A8%E0%A7%80
teNeues Publishing UK Ltd.,https://www.prothoma.com/publisher/teneues-publishing-uk-ltd.
"রাদুগা প্রকাশন, মস্কো",https://www.prothoma.com/publisher/%E0%A6%B0%E0%A6%BE%E0%A6%A6%E0%A7%81%E0%A6%97%E0%A6%BE-%E0%A6%AA%E0%A7%8D%E0%A6%B0%E0%A6%95%E0%A6%BE%E0%A6%B6%E0%A6%A8-%E0%A6%AE%E0%A6%B8%E0%A7%8D%E0%A6%95%E0%A7%8B
উত্তরণ,https://www.prothoma.com/publisher/%E0%A6%89%E0%A6%A4%E0%A7%8D%E0%A6%A4%E0%A6%B0%E0%A6%A3
Orient Longman Pvt Ltd,https://www.prothoma.com/publisher/orient-longman-pvt-ltd
সাহিত্য কথা,https://www.prothoma.com/publisher/%E0%A6%B8%E0%A6%BE%E0%A6%B9%E0%A6%BF%E0%A6%A4%E0%A7%8D%E0%A6%AF-%E0%A6%95%E0%A6%A5%E0%A6%BE
Manohar Publishers & Distributors,https://www.prothoma.com/publisher/manohar-publishers-&-distributors
সাহিত্যিকা,https://www.prothoma.com/publisher/%E0%A6%B8%E0%A6%BE%E0%A6%B9%E0%A6%BF%E0%A6%A4%E0%A7%8D%E0%A6%AF%E0%A6%BF%E0%A6%95%E0%A6%BE
Stanford University Press,https://www.prothoma.com/publisher/stanford-university-press
রহমান বুকস,https://www.prothoma.com/publisher/%E0%A6%B0%E0%A6%B9%E0%A6%AE%E0%A6%BE%E0%A6%A8-%E0%A6%AC%E0%A7%81%E0%A6%95%E0%A6%B8
Monsa Publications Institute,https://www.prothoma.com/publisher/monsa-publications-institute
মধুপোক,https://www.prothoma.com/publisher/%E0%A6%AE%E0%A6%A7%E0%A7%81%E0%A6%AA%E0%A7%8B%E0%A6%95
Rainbow Publishers Ltd (India),https://www.prothoma.com/publisher/rainbow-publishers-ltd-%28india%29
প্রীত রেজা,https://www.prothoma.com/publisher/%E0%A6%AA%E0%A7%8D%E0%A6%B0%E0%A7%80%E0%A6%A4-%E0%A6%B0%E0%A7%87%E0%A6%9C%E0%A6%BE
Robinson Publishing Ltd,https://www.prothoma.com/publisher/robinson-publishing-ltd
শিরীন পাবলিকেশন্স,https://www.prothoma.com/publisher/%E0%A6%B6%E0%A6%BF%E0%A6%B0%E0%A7%80%E0%A6%A8-%E0%A6%AA%E0%A6%BE%E0%A6%AC%E0%A6%B2%E0%A6%BF%E0%A6%95%E0%A7%87%E0%A6%B6%E0%A6%A8%E0%A7%8D%E0%A6%B8
Pluto Press,https://www.prothoma.com/publisher/pluto-press
প্রথম আলো,https://www.prothoma.com/publisher/%E0%A6%AA%E0%A7%8D%E0%A6%B0%E0%A6%A5%E0%A6%AE-%E0%A6%86%E0%A6%B2%E0%A7%8B
কলকাতা,https://www.prothoma.com/publisher/%E0%A6%95%E0%A6%B2%E0%A6%95%E0%A6%BE%E0%A6%A4%E0%A6%BE
Mapin Publishing Pvt Ltd,https://www.prothoma.com/publisher/mapin-publishing-pvt-ltd
দেশাল,https://www.prothoma.com/publisher/%E0%A6%A6%E0%A7%87%E0%A6%B6%E0%A6%BE%E0%A6%B2
The Vendome Press,https://www.prothoma.com/publisher/the-vendome-press
সেবা প্রকাশনী,https://www.prothoma.com/publisher/%E0%A6%B8%E0%A7%87%E0%A6%AC%E0%A6%BE-%E0%A6%AA%E0%A7%8D%E0%A6%B0%E0%A6%95%E0%A6%BE%E0%A6%B6%E0%A6%A8%E0%A7%80
Page One Publishing Private Limited,https://www.prothoma.com/publisher/page-one-publishing-private-limited
লেখাপ্রকাশ,https://www.prothoma.com/publisher/%E0%A6%B2%E0%A7%87%E0%A6%96%E0%A6%BE%E0%A6%AA%E0%A7%8D%E0%A6%B0%E0%A6%95%E0%A6%BE%E0%A6%B6
"Bloomsbury Publishing Plc,",https://www.prothoma.com/publisher/bloomsbury-publishing-plc
Westland,https://www.prothoma.com/publisher/westland
Pearson Longman,https://www.prothoma.com/publisher/pearson-longman
Kurt Wolff,https://www.prothoma.com/publisher/kurt-wolff
The University of Arizona Press,https://www.prothoma.com/publisher/the-university-of-arizona-press
রুপালি প্রকাশনী,https://www.prothoma.com/publisher/%E0%A6%B0%E0%A7%81%E0%A6%AA%E0%A6%BE%E0%A6%B2%E0%A6%BF-%E0%A6%AA%E0%A7%8D%E0%A6%B0%E0%A6%95%E0%A6%BE%E0%A6%B6%E0%A6%A8%E0%A7%80
The University of Chicago Press,https://www.prothoma.com/publisher/the-university-of-chicago-press
বৈচিত্র প্রকাশনী,https://www.prothoma.com/publisher/%E0%A6%AC%E0%A7%88%E0%A6%9A%E0%A6%BF%E0%A6%A4%E0%A7%8D%E0%A6%B0-%E0%A6%AA%E0%A7%8D%E0%A6%B0%E0%A6%95%E0%A6%BE%E0%A6%B6%E0%A6%A8%E0%A7%80
Edinburgh University Press,https://www.prothoma.com/publisher/edinburgh-university-press
Prakash Book Depot,https://www.prothoma.com/publisher/prakash-book-depot
Student Library,https://www.prothoma.com/publisher/student-library
Carcanet Press,https://www.prothoma.com/publisher/carcanet-press
Pritonia,https://www.prothoma.com/publisher/pritonia
Carcanet Press,https://www.prothoma.com/publisher/carcanet-press-1
The Pepin Press,https://www.prothoma.com/publisher/the-pepin-press
Fingerprint! Publishing,https://www.prothoma.com/publisher/fingerprint!-publishing
LeftWord Books,https://www.prothoma.com/publisher/leftword-books
Allahabad Law Journal Press,https://www.prothoma.com/publisher/allahabad-law-journal-press
Seriban,https://www.prothoma.com/publisher/seriban
Little Brown Book Group,https://www.prothoma.com/publisher/little-brown-book-group
Dorling Kindersly,https://www.prothoma.com/publisher/dorling-kindersly
Penguin Random House,https://www.prothoma.com/publisher/penguin-random-house
Udar Akash Prokashani,https://www.prothoma.com/publisher/udar-akash-prokashani
Originals,https://www.prothoma.com/publisher/originals
Continuum,https://www.prothoma.com/publisher/continuum
Architectural Press,https://www.prothoma.com/publisher/architectural-press
Periplus Editions,https://www.prothoma.com/publisher/periplus-editions
W. W. Norton & Company,https://www.prothoma.com/publisher/w.-w.-norton-&-company
Rider Books,https://www.prothoma.com/publisher/rider-books
"Tess Press, an imprint of Black Dog & Leventhal Publishers, Inc.",https://www.prothoma.com/publisher/tess-press-an-imprint-of-black-dog-&-leventhal-publishers-inc.
Lorenz Books,https://www.prothoma.com/publisher/lorenz-books
Thames & Hudson Ltd.,https://www.prothoma.com/publisher/thames-&-hudson-ltd.
Barron's,https://www.prothoma.com/publisher/barron%27s
"Rockport Publisher, Inc.",https://www.prothoma.com/publisher/rockport-publisher-inc.
Progressive Publishers,https://www.prothoma.com/publisher/progressive-publishers
Monchasha Prakash prokolpo,https://www.prothoma.com/publisher/monchasha-prakash-prokolpo
Motilal Banarsidass Publishers Pvt. Ltd,https://www.prothoma.com/publisher/motilal-banarsidass-publishers-pvt.-ltd
"Sterling Publishing Company, Inc.",https://www.prothoma.com/publisher/sterling-publishing-company-inc.
Dasgupta & co Privet Ltd.,https://www.prothoma.com/publisher/dasgupta-&-co-privet-ltd.
Monfakira,https://www.prothoma.com/publisher/monfakira
Prentice Hall,https://www.prothoma.com/publisher/prentice-hall
B T Batsford,https://www.prothoma.com/publisher/b-t-batsford
Worldwide Media Pvt Ltd,https://www.prothoma.com/publisher/worldwide-media-pvt-ltd
Ubudash,https://www.prothoma.com/publisher/ubudash
Yale University Press,https://www.prothoma.com/publisher/yale-university-press
"Little, Brown",https://www.prothoma.com/publisher/little-brown
Camp,https://www.prothoma.com/publisher/camp
Eagle Editions Ltd,https://www.prothoma.com/publisher/eagle-editions-ltd
Folk and Tribal Cultural Centre,https://www.prothoma.com/publisher/folk-and-tribal-cultural-centre
The Moonstone,https://www.prothoma.com/publisher/the-moonstone
Macmillan Publishers Limited,https://www.prothoma.com/publisher/macmillan-publishers-limited
Pimlico,https://www.prothoma.com/publisher/pimlico
The Athlone Press,https://www.prothoma.com/publisher/the-athlone-press
Earthscan Publications Limited,https://www.prothoma.com/publisher/earthscan-publications-limited
Everyman's Library,https://www.prothoma.com/publisher/everyman%27s-library
Parul Prakashani Pvt Ltd,https://www.prothoma.com/publisher/parul-prakashani-pvt-ltd
Sage Publication India Pvt Ltd,https://www.prothoma.com/publisher/sage-publication-india-pvt-ltd
Social Science Press,https://www.prothoma.com/publisher/social-science-press
The MIT Press,https://www.prothoma.com/publisher/the-mit-press
Sri Mira Trust,https://www.prothoma.com/publisher/sri-mira-trust
Retail Reporting Corporation,https://www.prothoma.com/publisher/retail-reporting-corporation
Kliczkowski Publisher,https://www.prothoma.com/publisher/kliczkowski-publisher
Transworld Publishers,https://www.prothoma.com/publisher/transworld-publishers
Hearst Books,https://www.prothoma.com/publisher/hearst-books
এশিয়াটিক সোসাইটি অব বাংলাদেশ,https://www.prothoma.com/publisher/%E0%A6%8F%E0%A6%B6%E0%A6%BF%E0%A6%AF%E0%A6%BC%E0%A6%BE%E0%A6%9F%E0%A6%BF%E0%A6%95-%E0%A6%B8%E0%A7%8B%E0%A6%B8%E0%A6%BE%E0%A6%87%E0%A6%9F%E0%A6%BF-%E0%A6%85%E0%A6%AC-%E0%A6%AC%E0%A6%BE%E0%A6%82%E0%A6%B2%E0%A6%BE%E0%A6%A6%E0%A7%87%E0%A6%B6
এশিয়াটিক সোসাইটি অব বাংলাদেশ,https://www.prothoma.com/publisher/%E0%A6%8F%E0%A6%B6%E0%A6%BF%E0%A6%AF%E0%A6%BC%E0%A6%BE%E0%A6%9F%E0%A6%BF%E0%A6%95-%E0%A6%B8%E0%A7%8B%E0%A6%B8%E0%A6%BE%E0%A6%87%E0%A6%9F%E0%A6%BF-%E0%A6%85%E0%A6%AC-%E0%A6%AC%E0%A6%BE%E0%A6%82%E0%A6%B2%E0%A6%BE%E0%A6%A6%E0%A7%87%E0%A6%B6-1
asiatec-society,https://www.prothoma.com/publisher/%E0%A6%8F%E0%A6%B6%E0%A6%BF%E0%A6%AF%E0%A6%BC%E0%A6%BE%E0%A6%9F%E0%A6%BF%E0%A6%95-%E0%A6%B8%E0%A7%8B%E0%A6%B8%E0%A6%BE%E0%A6%87%E0%A6%9F%E0%A6%BF-%E0%A6%85%E0%A6%AC-%E0%A6%AC%E0%A6%BE%E0%A6%82%E0%A6%B2%E0%A6%BE%E0%A6%A6%E0%A7%87%E0%A6%B6-2
Daanish Books,https://www.prothoma.com/publisher/daanish-books
Wordsworth Editions Ltd.,https://www.prothoma.com/publisher/wordsworth-editions-ltd.
The Seibu Museum of Art,https://www.prothoma.com/publisher/the-seibu-museum-of-art
English Language Book Society (ELBS),https://www.prothoma.com/publisher/english-language-book-society-%28elbs%29
"Visual Reference Publications, Inc",https://www.prothoma.com/publisher/visual-reference-publications-inc
Gilgamesh Publishing,https://www.prothoma.com/publisher/gilgamesh-publishing
Sundeep Prakashan,https://www.prothoma.com/publisher/sundeep-prakashan
Faber and Faber,https://www.prothoma.com/publisher/faber-and-faber
Dr. Sagir's Pet Clinic,https://www.prothoma.com/publisher/dr.-sagir%27s-pet-clinic
জ্যোৎস্না প্রকাশন (ভারত),https://www.prothoma.com/publisher/%E0%A6%9C%E0%A7%8D%E0%A6%AF%E0%A7%8B%E0%A7%8E%E0%A6%B8%E0%A7%8D%E0%A6%A8%E0%A6%BE-%E0%A6%AA%E0%A7%8D%E0%A6%B0%E0%A6%95%E0%A6%BE%E0%A6%B6%E0%A6%A8-%28%E0%A6%AD%E0%A6%BE%E0%A6%B0%E0%A6%A4%29
Gaia Books Ltd,https://www.prothoma.com/publisher/gaia-books-ltd
Plata Publishing,https://www.prothoma.com/publisher/plata-publishing
Phaidon Press Ltd,https://www.prothoma.com/publisher/phaidon-press-ltd
Sahitya Samsad,https://www.prothoma.com/publisher/sahitya-samsad
Mass Entertainment Pvt.Ltd.,https://www.prothoma.com/publisher/mass-entertainment-pvt.ltd.
Renaissance,https://www.prothoma.com/publisher/renaissance
The American University in Cairo,https://www.prothoma.com/publisher/the-american-university-in-cairo
Institute for International Economics,https://www.prothoma.com/publisher/institute-for-international-economics
Swaprokash,https://www.prothoma.com/publisher/swaprokash
Mahabodhi Book Agency,https://www.prothoma.com/publisher/mahabodhi-book-agency
Amphoto Books,https://www.prothoma.com/publisher/amphoto-books
Rain Tree,https://www.prothoma.com/publisher/rain-tree
Chatim Books,https://www.prothoma.com/publisher/chatim-books
সুজন প্রকাশনী,https://www.prothoma.com/publisher/%E0%A6%B8%E0%A7%81%E0%A6%9C%E0%A6%A8-%E0%A6%AA%E0%A7%8D%E0%A6%B0%E0%A6%95%E0%A6%BE%E0%A6%B6%E0%A6%A8%E0%A7%80
Chowa,https://www.prothoma.com/publisher/chowa
Parampara Prakashan,https://www.prothoma.com/publisher/parampara-prakashan
Bijnapan Parba,https://www.prothoma.com/publisher/bijnapan-parba
NEHA Publication,https://www.prothoma.com/publisher/neha-publication
Anjan Publishers,https://www.prothoma.com/publisher/anjan-publishers
Grontho Bikash,https://www.prothoma.com/publisher/grontho-bikash
People's Book Society,https://www.prothoma.com/publisher/people%27s-book-society
নাট্যচিন্তা,https://www.prothoma.com/publisher/%E0%A6%A8%E0%A6%BE%E0%A6%9F%E0%A7%8D%E0%A6%AF%E0%A6%9A%E0%A6%BF%E0%A6%A8%E0%A7%8D%E0%A6%A4%E0%A6%BE
Iyriqal Books,https://www.prothoma.com/publisher/iyriqal-books
Punascha,https://www.prothoma.com/publisher/punascha
Banishilpa,https://www.prothoma.com/publisher/banishilpa
Priya Book House,https://www.prothoma.com/publisher/priya-book-house
Bhasa O Sahitya,https://www.prothoma.com/publisher/bhasa-o-sahitya
Sahityasri,https://www.prothoma.com/publisher/sahityasri
বঙ্গীয় বিজ্ঞান পরিষদ,https://www.prothoma.com/publisher/%E0%A6%AC%E0%A6%99%E0%A7%8D%E0%A6%97%E0%A7%80%E0%A6%AF%E0%A6%BC-%E0%A6%AC%E0%A6%BF%E0%A6%9C%E0%A7%8D%E0%A6%9E%E0%A6%BE%E0%A6%A8-%E0%A6%AA%E0%A6%B0%E0%A6%BF%E0%A6%B7%E0%A6%A6
Girija Library,https://www.prothoma.com/publisher/girija-library
Akshayar Prokashoni,https://www.prothoma.com/publisher/akshayar-prokashoni
দিপায়ন,https://www.prothoma.com/publisher/%E0%A6%A6%E0%A6%BF%E0%A6%AA%E0%A6%BE%E0%A6%AF%E0%A6%BC%E0%A6%A8
National Book Agency Pvt Ltd,https://www.prothoma.com/publisher/national-book-agency-pvt-ltd
Aleph Publishers,https://www.prothoma.com/publisher/aleph-publishers
হারপার পরেন্যোল,https://www.prothoma.com/publisher/%E0%A6%B9%E0%A6%BE%E0%A6%B0%E0%A6%AA%E0%A6%BE%E0%A6%B0-%E0%A6%AA%E0%A6%B0%E0%A7%87%E0%A6%A8%E0%A7%8D%E0%A6%AF%E0%A7%8B%E0%A6%B2
চর্চা গ্রন্থ প্রকাশ,https://www.prothoma.com/publisher/%E0%A6%9A%E0%A6%B0%E0%A7%8D%E0%A6%9A%E0%A6%BE-%E0%A6%97%E0%A7%8D%E0%A6%B0%E0%A6%A8%E0%A7%8D%E0%A6%A5-%E0%A6%AA%E0%A7%8D%E0%A6%B0%E0%A6%95%E0%A6%BE%E0%A6%B6
সিঁড়ি প্রকাশন,https://www.prothoma.com/publisher/%E0%A6%B8%E0%A6%BF%E0%A6%81%E0%A6%A1%E0%A6%BC%E0%A6%BF-%E0%A6%AA%E0%A7%8D%E0%A6%B0%E0%A6%95%E0%A6%BE%E0%A6%B6%E0%A6%A8
নিউ এজ পাবলিশার্স (ভারত),https://www.prothoma.com/publisher/%E0%A6%A8%E0%A6%BF%E0%A6%89-%E0%A6%8F%E0%A6%9C-%E0%A6%AA%E0%A6%BE%E0%A6%AC%E0%A6%B2%E0%A6%BF%E0%A6%B6%E0%A6%BE%E0%A6%B0%E0%A7%8D%E0%A6%B8-%28%E0%A6%AD%E0%A6%BE%E0%A6%B0%E0%A6%A4%29
সাহিত্য প্রকাশ (ভারত),https://www.prothoma.com/publisher/%E0%A6%B8%E0%A6%BE%E0%A6%B9%E0%A6%BF%E0%A6%A4%E0%A7%8D%E0%A6%AF-%E0%A6%AA%E0%A7%8D%E0%A6%B0%E0%A6%95%E0%A6%BE%E0%A6%B6-%28%E0%A6%AD%E0%A6%BE%E0%A6%B0%E0%A6%A4%29
শিশু সাহিত্য সংসদ,https://www.prothoma.com/publisher/%E0%A6%B6%E0%A6%BF%E0%A6%B6%E0%A7%81-%E0%A6%B8%E0%A6%BE%E0%A6%B9%E0%A6%BF%E0%A6%A4%E0%A7%8D%E0%A6%AF-%E0%A6%B8%E0%A6%82%E0%A6%B8%E0%A6%A6
ওরিয়েন্ট বুক কোম্পানি (ভারত),https://www.prothoma.com/publisher/%E0%A6%93%E0%A6%B0%E0%A6%BF%E0%A6%AF%E0%A6%BC%E0%A7%87%E0%A6%A8%E0%A7%8D%E0%A6%9F-%E0%A6%AC%E0%A7%81%E0%A6%95-%E0%A6%95%E0%A7%8B%E0%A6%AE%E0%A7%8D%E0%A6%AA%E0%A6%BE%E0%A6%A8%E0%A6%BF-%28%E0%A6%AD%E0%A6%BE%E0%A6%B0%E0%A6%A4%29
প্রভা প্রকাশনী (ভারত),https://www.prothoma.com/publisher/%E0%A6%AA%E0%A7%8D%E0%A6%B0%E0%A6%AD%E0%A6%BE-%E0%A6%AA%E0%A7%8D%E0%A6%B0%E0%A6%95%E0%A6%BE%E0%A6%B6%E0%A6%A8%E0%A7%80-%28%E0%A6%AD%E0%A6%BE%E0%A6%B0%E0%A6%A4%29
পূর্বাশা (ভারত),https://www.prothoma.com/publisher/%E0%A6%AA%E0%A7%82%E0%A6%B0%E0%A7%8D%E0%A6%AC%E0%A6%BE%E0%A6%B6%E0%A6%BE-%28%E0%A6%AD%E0%A6%BE%E0%A6%B0%E0%A6%A4%29
সাহিত্যলোক,https://www.prothoma.com/publisher/%E0%A6%B8%E0%A6%BE%E0%A6%B9%E0%A6%BF%E0%A6%A4%E0%A7%8D%E0%A6%AF%E0%A6%B2%E0%A7%8B%E0%A6%95
অন্য প্রকাশ,https://www.prothoma.com/publisher/%E0%A6%85%E0%A6%A8%E0%A7%8D%E0%A6%AF-%E0%A6%AA%E0%A7%8D%E0%A6%B0%E0%A6%95%E0%A6%BE%E0%A6%B6
নন্দিতা প্রকাশন (ভারত),https://www.prothoma.com/publisher/%E0%A6%A8%E0%A6%A8%E0%A7%8D%E0%A6%A6%E0%A6%BF%E0%A6%A4%E0%A6%BE-%E0%A6%AA%E0%A7%8D%E0%A6%B0%E0%A6%95%E0%A6%BE%E0%A6%B6%E0%A6%A8-%28%E0%A6%AD%E0%A6%BE%E0%A6%B0%E0%A6%A4%29
আফসার ব্রাদার্স,https://www.prothoma.com/publisher/%E0%A6%86%E0%A6%AB%E0%A6%B8%E0%A6%BE%E0%A6%B0-%E0%A6%AC%E0%A7%8D%E0%A6%B0%E0%A6%BE%E0%A6%A6%E0%A6%BE%E0%A6%B0%E0%A7%8D%E0%A6%B8
রূপালী (ভারত),https://www.prothoma.com/publisher/%E0%A6%B0%E0%A7%82%E0%A6%AA%E0%A6%BE%E0%A6%B2%E0%A7%80-%28%E0%A6%AD%E0%A6%BE%E0%A6%B0%E0%A6%A4%29
সহজপাঠ প্রকাশন (ভারত),https://www.prothoma.com/publisher/%E0%A6%B8%E0%A6%B9%E0%A6%9C%E0%A6%AA%E0%A6%BE%E0%A6%A0-%E0%A6%AA%E0%A7%8D%E0%A6%B0%E0%A6%95%E0%A6%BE%E0%A6%B6%E0%A6%A8-%28%E0%A6%AD%E0%A6%BE%E0%A6%B0%E0%A6%A4%29
K.P.Bagchi and Company,https://www.prothoma.com/publisher/k.p.bagchi-and-company
সুদর্শন প্রকাশন (ভারত),https://www.prothoma.com/publisher/%E0%A6%B8%E0%A7%81%E0%A6%A6%E0%A6%B0%E0%A7%8D%E0%A6%B6%E0%A6%A8-%E0%A6%AA%E0%A7%8D%E0%A6%B0%E0%A6%95%E0%A6%BE%E0%A6%B6%E0%A6%A8-%28%E0%A6%AD%E0%A6%BE%E0%A6%B0%E0%A6%A4%29
জনান্তিক প্রকাশনী,https://www.prothoma.com/publisher/%E0%A6%9C%E0%A6%A8%E0%A6%BE%E0%A6%A8%E0%A7%8D%E0%A6%A4%E0%A6%BF%E0%A6%95-%E0%A6%AA%E0%A7%8D%E0%A6%B0%E0%A6%95%E0%A6%BE%E0%A6%B6%E0%A6%A8%E0%A7%80
Abhijan Publishers,https://www.prothoma.com/publisher/abhijan-publishers
আদম (ভারত),https://www.prothoma.com/publisher/%E0%A6%86%E0%A6%A6%E0%A6%AE-%28%E0%A6%AD%E0%A6%BE%E0%A6%B0%E0%A6%A4%29
Atmajaa Publishers,https://www.prothoma.com/publisher/atmajaa-publishers
Banglar Mukh Prakashan,https://www.prothoma.com/publisher/banglar-mukh-prakashan
বাউলমন প্রকাশন (ভারত),https://www.prothoma.com/publisher/%E0%A6%AC%E0%A6%BE%E0%A6%89%E0%A6%B2%E0%A6%AE%E0%A6%A8-%E0%A6%AA%E0%A7%8D%E0%A6%B0%E0%A6%95%E0%A6%BE%E0%A6%B6%E0%A6%A8-%28%E0%A6%AD%E0%A6%BE%E0%A6%B0%E0%A6%A4%29
Bhashabandhan Prakashani,https://www.prothoma.com/publisher/bhashabandhan-prakashani
অধ্যয়ন ,https://www.prothoma.com/publisher/%E0%A6%85%E0%A6%A7%E0%A7%8D%E0%A6%AF%E0%A6%AF%E0%A6%BC%E0%A6%A8
উমেশচন্দ্র বিদ্যারত্ন,https://www.prothoma.com/publisher/%E0%A6%89%E0%A6%AE%E0%A7%87%E0%A6%B6%E0%A6%9A%E0%A6%A8%E0%A7%8D%E0%A6%A6%E0%A7%8D%E0%A6%B0-%E0%A6%AC%E0%A6%BF%E0%A6%A6%E0%A7%8D%E0%A6%AF%E0%A6%BE%E0%A6%B0%E0%A6%A4%E0%A7%8D%E0%A6%A8
বিগ বুকস,https://www.prothoma.com/publisher/%E0%A6%AC%E0%A6%BF%E0%A6%97-%E0%A6%AC%E0%A7%81%E0%A6%95%E0%A6%B8
Bishowbani Prokashoni,https://www.prothoma.com/publisher/bishowbani-prokashoni
স্বপ্ন ৭১ প্রকাশন ,https://www.prothoma.com/publisher/%E0%A6%B8%E0%A7%8D%E0%A6%AC%E0%A6%AA%E0%A7%8D%E0%A6%A8-%E0%A7%AD%E0%A7%A7-%E0%A6%AA%E0%A7%8D%E0%A6%B0%E0%A6%95%E0%A6%BE%E0%A6%B6%E0%A6%A8
ধানসিঁড়ি প্রকাশন,https://www.prothoma.com/publisher/%E0%A6%A7%E0%A6%BE%E0%A6%A8%E0%A6%B8%E0%A6%BF%E0%A6%81%E0%A6%A1%E0%A6%BC%E0%A6%BF-%E0%A6%AA%E0%A7%8D%E0%A6%B0%E0%A6%95%E0%A6%BE%E0%A6%B6%E0%A6%A8
সমকালীন প্রকাশন,https://www.prothoma.com/publisher/%E0%A6%B8%E0%A6%AE%E0%A6%95%E0%A6%BE%E0%A6%B2%E0%A7%80%E0%A6%A8-%E0%A6%AA%E0%A7%8D%E0%A6%B0%E0%A6%95%E0%A6%BE%E0%A6%B6%E0%A6%A8
Kajal Prakashani,https://www.prothoma.com/publisher/kajal-prakashani
গার্ডিয়ান পাবলিকেশন,https://www.prothoma.com/publisher/%E0%A6%97%E0%A6%BE%E0%A6%B0%E0%A7%8D%E0%A6%A1%E0%A6%BF%E0%A6%AF%E0%A6%BC%E0%A6%BE%E0%A6%A8-%E0%A6%AA%E0%A6%BE%E0%A6%AC%E0%A6%B2%E0%A6%BF%E0%A6%95%E0%A7%87%E0%A6%B6%E0%A6%A8
Khori Prokashani,https://www.prothoma.com/publisher/khori-prokashani
ফরিদ পাবলিকেশনস,https://www.prothoma.com/publisher/%E0%A6%AB%E0%A6%B0%E0%A6%BF%E0%A6%A6-%E0%A6%AA%E0%A6%BE%E0%A6%AC%E0%A6%B2%E0%A6%BF%E0%A6%95%E0%A7%87%E0%A6%B6%E0%A6%A8%E0%A6%B8
কথা (ভারত),https://www.prothoma.com/publisher/%E0%A6%95%E0%A6%A5%E0%A6%BE-%28%E0%A6%AD%E0%A6%BE%E0%A6%B0%E0%A6%A4%29
M. C. Sarkar and Sons Pvt Ltd,https://www.prothoma.com/publisher/m.-c.-sarkar-and-sons-pvt-ltd
N E Publishers,https://www.prothoma.com/publisher/n-e-publishers
চারুলিপি প্রকাশন,https://www.prothoma.com/publisher/%E0%A6%9A%E0%A6%BE%E0%A6%B0%E0%A7%81%E0%A6%B2%E0%A6%BF%E0%A6%AA%E0%A6%BF-%E0%A6%AA%E0%A7%8D%E0%A6%B0%E0%A6%95%E0%A6%BE%E0%A6%B6%E0%A6%A8
Netaji Research Center,https://www.prothoma.com/publisher/netaji-research-center
New Script,https://www.prothoma.com/publisher/new-script
বাংলাদেশ ক্রিকেট সাপোর্টার্স অ্যাসোসিয়েশন,https://www.prothoma.com/publisher/%E0%A6%AC%E0%A6%BE%E0%A6%82%E0%A6%B2%E0%A6%BE%E0%A6%A6%E0%A7%87%E0%A6%B6-%E0%A6%95%E0%A7%8D%E0%A6%B0%E0%A6%BF%E0%A6%95%E0%A7%87%E0%A6%9F-%E0%A6%B8%E0%A6%BE%E0%A6%AA%E0%A7%8B%E0%A6%B0%E0%A7%8D%E0%A6%9F%E0%A6%BE%E0%A6%B0%E0%A7%8D%E0%A6%B8-%E0%A6%85%E0%A7%8D%E0%A6%AF%E0%A6%BE%E0%A6%B8%E0%A7%8B%E0%A6%B8%E0%A6%BF%E0%A6%AF%E0%A6%BC%E0%A7%87%E0%A6%B6%E0%A6%A8
পরশপাথর প্রকাশন (ভারত),https://www.prothoma.com/publisher/%E0%A6%AA%E0%A6%B0%E0%A6%B6%E0%A6%AA%E0%A6%BE%E0%A6%A5%E0%A6%B0-%E0%A6%AA%E0%A7%8D%E0%A6%B0%E0%A6%95%E0%A6%BE%E0%A6%B6%E0%A6%A8-%28%E0%A6%AD%E0%A6%BE%E0%A6%B0%E0%A6%A4%29
সাহিত্য প্রকাশ,https://www.prothoma.com/publisher/%E0%A6%B8%E0%A6%BE%E0%A6%B9%E0%A6%BF%E0%A6%A4%E0%A7%8D%E0%A6%AF-%E0%A6%AA%E0%A7%8D%E0%A6%B0%E0%A6%95%E0%A6%BE%E0%A6%B6
প্রগ্রেসিভ পাবলিশার্স (ভারত),https://www.prothoma.com/publisher/%E0%A6%AA%E0%A7%8D%E0%A6%B0%E0%A6%97%E0%A7%8D%E0%A6%B0%E0%A7%87%E0%A6%B8%E0%A6%BF%E0%A6%AD-%E0%A6%AA%E0%A6%BE%E0%A6%AC%E0%A6%B2%E0%A6%BF%E0%A6%B6%E0%A6%BE%E0%A6%B0%E0%A7%8D%E0%A6%B8-%28%E0%A6%AD%E0%A6%BE%E0%A6%B0%E0%A6%A4%29
Rhito Prakashan,https://www.prothoma.com/publisher/rhito-prakashan
অভিযান (ভারত),https://www.prothoma.com/publisher/%E0%A6%85%E0%A6%AD%E0%A6%BF%E0%A6%AF%E0%A6%BE%E0%A6%A8-%28%E0%A6%AD%E0%A6%BE%E0%A6%B0%E0%A6%A4%29
Ritakshar Prakashan,https://www.prothoma.com/publisher/ritakshar-prakashan
বিপ্লবীদের কথা,https://www.prothoma.com/publisher/%E0%A6%AC%E0%A6%BF%E0%A6%AA%E0%A7%8D%E0%A6%B2%E0%A6%AC%E0%A7%80%E0%A6%A6%E0%A7%87%E0%A6%B0-%E0%A6%95%E0%A6%A5%E0%A6%BE
Sadesh,https://www.prothoma.com/publisher/sadesh
সূচীপত্র,https://www.prothoma.com/publisher/%E0%A6%B8%E0%A7%82%E0%A6%9A%E0%A7%80%E0%A6%AA%E0%A6%A4%E0%A7%8D%E0%A6%B0
Sisikha,https://www.prothoma.com/publisher/sisikha
দুন্দুভি,https://www.prothoma.com/publisher/%E0%A6%A6%E0%A7%81%E0%A6%A8%E0%A7%8D%E0%A6%A6%E0%A7%81%E0%A6%AD%E0%A6%BF
Thema,https://www.prothoma.com/publisher/thema
প্ৰ প্রকাশন ,https://www.prothoma.com/publisher/%E0%A6%AA%E0%A7%8D%E0%A7%B0-%E0%A6%AA%E0%A7%8D%E0%A6%B0%E0%A6%95%E0%A6%BE%E0%A6%B6%E0%A6%A8
স্বরব্যঞ্জন,https://www.prothoma.com/publisher/%E0%A6%B8%E0%A7%8D%E0%A6%AC%E0%A6%B0%E0%A6%AC%E0%A7%8D%E0%A6%AF%E0%A6%9E%E0%A7%8D%E0%A6%9C%E0%A6%A8
ছোটদের বই,https://www.prothoma.com/publisher/%E0%A6%9B%E0%A7%8B%E0%A6%9F%E0%A6%A6%E0%A7%87%E0%A6%B0-%E0%A6%AC%E0%A6%87
দ্যু প্রকাশন,https://www.prothoma.com/publisher/%E0%A6%A6%E0%A7%8D%E0%A6%AF%E0%A7%81-%E0%A6%AA%E0%A7%8D%E0%A6%B0%E0%A6%95%E0%A6%BE%E0%A6%B6%E0%A6%A8
"আফ্রিকী সাহিত্য-সংস্কৃতি চর্চাকেন্দ্র, ঢাকা",https://www.prothoma.com/publisher/%E0%A6%86%E0%A6%AB%E0%A7%8D%E0%A6%B0%E0%A6%BF%E0%A6%95%E0%A7%80-%E0%A6%B8%E0%A6%BE%E0%A6%B9%E0%A6%BF%E0%A6%A4%E0%A7%8D%E0%A6%AF-%E0%A6%B8%E0%A6%82%E0%A6%B8%E0%A7%8D%E0%A6%95%E0%A7%83%E0%A6%A4%E0%A6%BF-%E0%A6%9A%E0%A6%B0%E0%A7%8D%E0%A6%9A%E0%A6%BE%E0%A6%95%E0%A7%87%E0%A6%A8%E0%A7%8D%E0%A6%A6%E0%A7%8D%E0%A6%B0-%E0%A6%A2%E0%A6%BE%E0%A6%95%E0%A6%BE
সেন্টার ফর বাংলাদেশ লিবারেশন ওয়ার স্টাডিজ,https://www.prothoma.com/publisher/%E0%A6%B8%E0%A7%87%E0%A6%A8%E0%A7%8D%E0%A6%9F%E0%A6%BE%E0%A6%B0-%E0%A6%AB%E0%A6%B0-%E0%A6%AC%E0%A6%BE%E0%A6%82%E0%A6%B2%E0%A6%BE%E0%A6%A6%E0%A7%87%E0%A6%B6-%E0%A6%B2%E0%A6%BF%E0%A6%AC%E0%A6%BE%E0%A6%B0%E0%A7%87%E0%A6%B6%E0%A6%A8-%E0%A6%93%E0%A6%AF%E0%A6%BC%E0%A6%BE%E0%A6%B0-%E0%A6%B8%E0%A7%8D%E0%A6%9F%E0%A6%BE%E0%A6%A1%E0%A6%BF%E0%A6%9C
সমগ্র প্রকাশন,https://www.prothoma.com/publisher/%E0%A6%B8%E0%A6%AE%E0%A6%97%E0%A7%8D%E0%A6%B0-%E0%A6%AA%E0%A7%8D%E0%A6%B0%E0%A6%95%E0%A6%BE%E0%A6%B6%E0%A6%A8
হাক্কানী পাবলিশার্স,https://www.prothoma.com/publisher/%E0%A6%B9%E0%A6%BE%E0%A6%95%E0%A7%8D%E0%A6%95%E0%A6%BE%E0%A6%A8%E0%A7%80-%E0%A6%AA%E0%A6%BE%E0%A6%AC%E0%A6%B2%E0%A6%BF%E0%A6%B6%E0%A6%BE%E0%A6%B0%E0%A7%8D%E0%A6%B8
বাংলাদেশ খোয়াবনামা,https://www.prothoma.com/publisher/%E0%A6%AC%E0%A6%BE%E0%A6%82%E0%A6%B2%E0%A6%BE%E0%A6%A6%E0%A7%87%E0%A6%B6-%E0%A6%96%E0%A7%8B%E0%A6%AF%E0%A6%BC%E0%A6%BE%E0%A6%AC%E0%A6%A8%E0%A6%BE%E0%A6%AE%E0%A6%BE
মুক্তধারা,https://www.prothoma.com/publisher/%E0%A6%AE%E0%A7%81%E0%A6%95%E0%A7%8D%E0%A6%A4%E0%A6%A7%E0%A6%BE%E0%A6%B0%E0%A6%BE
নওরোজ কিতাবিস্তান,https://www.prothoma.com/publisher/%E0%A6%A8%E0%A6%93%E0%A6%B0%E0%A7%8B%E0%A6%9C-%E0%A6%95%E0%A6%BF%E0%A6%A4%E0%A6%BE%E0%A6%AC%E0%A6%BF%E0%A6%B8%E0%A7%8D%E0%A6%A4%E0%A6%BE%E0%A6%A8
জাতীয় সাহিত্য প্রকাশ,https://www.prothoma.com/publisher/%E0%A6%9C%E0%A6%BE%E0%A6%A4%E0%A7%80%E0%A6%AF%E0%A6%BC-%E0%A6%B8%E0%A6%BE%E0%A6%B9%E0%A6%BF%E0%A6%A4%E0%A7%8D%E0%A6%AF-%E0%A6%AA%E0%A7%8D%E0%A6%B0%E0%A6%95%E0%A6%BE%E0%A6%B6
eআরকি,https://www.prothoma.com/publisher/e%E0%A6%86%E0%A6%B0%E0%A6%95%E0%A6%BF
রুক্কু শাহ ক্রিয়েটিভ পাবলিশার্স,https://www.prothoma.com/publisher/%E0%A6%B0%E0%A7%81%E0%A6%95%E0%A7%8D%E0%A6%95%E0%A7%81-%E0%A6%B6%E0%A6%BE%E0%A6%B9-%E0%A6%95%E0%A7%8D%E0%A6%B0%E0%A6%BF%E0%A6%AF%E0%A6%BC%E0%A7%87%E0%A6%9F%E0%A6%BF%E0%A6%AD-%E0%A6%AA%E0%A6%BE%E0%A6%AC%E0%A6%B2%E0%A6%BF%E0%A6%B6%E0%A6%BE%E0%A6%B0%E0%A7%8D%E0%A6%B8
বর্ণপ্রকাশ (ফার্মগেট),https://www.prothoma.com/publisher/%E0%A6%AC%E0%A6%B0%E0%A7%8D%E0%A6%A3%E0%A6%AA%E0%A7%8D%E0%A6%B0%E0%A6%95%E0%A6%BE%E0%A6%B6-%28%E0%A6%AB%E0%A6%BE%E0%A6%B0%E0%A7%8D%E0%A6%AE%E0%A6%97%E0%A7%87%E0%A6%9F%29
কালিকলম প্রকাশনা,https://www.prothoma.com/publisher/%E0%A6%95%E0%A6%BE%E0%A6%B2%E0%A6%BF%E0%A6%95%E0%A6%B2%E0%A6%AE-%E0%A6%AA%E0%A7%8D%E0%A6%B0%E0%A6%95%E0%A6%BE%E0%A6%B6%E0%A6%A8%E0%A6%BE
নবযুগ প্রকাশনী,https://www.prothoma.com/publisher/%E0%A6%A8%E0%A6%AC%E0%A6%AF%E0%A7%81%E0%A6%97-%E0%A6%AA%E0%A7%8D%E0%A6%B0%E0%A6%95%E0%A6%BE%E0%A6%B6%E0%A6%A8%E0%A7%80
আহমদ পাবলিশিং হাউজ,https://www.prothoma.com/publisher/%E0%A6%86%E0%A6%B9%E0%A6%AE%E0%A6%A6-%E0%A6%AA%E0%A6%BE%E0%A6%AC%E0%A6%B2%E0%A6%BF%E0%A6%B6%E0%A6%BF%E0%A6%82-%E0%A6%B9%E0%A6%BE%E0%A6%89%E0%A6%9C
বিভাস,https://www.prothoma.com/publisher/%E0%A6%AC%E0%A6%BF%E0%A6%AD%E0%A6%BE%E0%A6%B8
আনন্দ পাবলিশার্স ,https://www.prothoma.com/publisher/%E0%A6%86%E0%A6%A8%E0%A6%A8%E0%A7%8D%E0%A6%A6-%E0%A6%AA%E0%A6%BE%E0%A6%AC%E0%A6%B2%E0%A6%BF%E0%A6%B6%E0%A6%BE%E0%A6%B0%E0%A7%8D%E0%A6%B8
সংহতি প্রকাশন,https://www.prothoma.com/publisher/%E0%A6%B8%E0%A6%82%E0%A6%B9%E0%A6%A4%E0%A6%BF-%E0%A6%AA%E0%A7%8D%E0%A6%B0%E0%A6%95%E0%A6%BE%E0%A6%B6%E0%A6%A8
ভাষাচিত্র,https://www.prothoma.com/publisher/%E0%A6%AD%E0%A6%BE%E0%A6%B7%E0%A6%BE%E0%A6%9A%E0%A6%BF%E0%A6%A4%E0%A7%8D%E0%A6%B0-1
প্যাপিরাস,https://www.prothoma.com/publisher/%E0%A6%AA%E0%A7%8D%E0%A6%AF%E0%A6%BE%E0%A6%AA%E0%A6%BF%E0%A6%B0%E0%A6%BE%E0%A6%B8
মূর্ধন্য,https://www.prothoma.com/publisher/%E0%A6%AE%E0%A7%82%E0%A6%B0%E0%A7%8D%E0%A6%A7%E0%A6%A8%E0%A7%8D%E0%A6%AF
অঙ্কুর প্রকাশনী,https://www.prothoma.com/publisher/%E0%A6%85%E0%A6%99%E0%A7%8D%E0%A6%95%E0%A7%81%E0%A6%B0-%E0%A6%AA%E0%A7%8D%E0%A6%B0%E0%A6%95%E0%A6%BE%E0%A6%B6%E0%A6%A8%E0%A7%80
মম প্রকাশ,https://www.prothoma.com/publisher/%E0%A6%AE%E0%A6%AE-%E0%A6%AA%E0%A7%8D%E0%A6%B0%E0%A6%95%E0%A6%BE%E0%A6%B6
জার্নিম্যান বুকস্‌,https://www.prothoma.com/publisher/%E0%A6%9C%E0%A6%BE%E0%A6%B0%E0%A7%8D%E0%A6%A8%E0%A6%BF%E0%A6%AE%E0%A7%8D%E0%A6%AF%E0%A6%BE%E0%A6%A8-%E0%A6%AC%E0%A7%81%E0%A6%95%E0%A6%B8%E0%A7%8D%E2%80%8C
অগ্রদূত অ্যান্ড কোম্পানি,https://www.prothoma.com/publisher/%E0%A6%85%E0%A6%97%E0%A7%8D%E0%A6%B0%E0%A6%A6%E0%A7%82%E0%A6%A4-%E0%A6%85%E0%A7%8D%E0%A6%AF%E0%A6%BE%E0%A6%A8%E0%A7%8D%E0%A6%A1-%E0%A6%95%E0%A7%8B%E0%A6%AE%E0%A7%8D%E0%A6%AA%E0%A6%BE%E0%A6%A8%E0%A6%BF
জ্যোৎস্না পাবলিশার্স,https://www.prothoma.com/publisher/%E0%A6%9C%E0%A7%8D%E0%A6%AF%E0%A7%8B%E0%A7%8E%E0%A6%B8%E0%A7%8D%E0%A6%A8%E0%A6%BE-%E0%A6%AA%E0%A6%BE%E0%A6%AC%E0%A6%B2%E0%A6%BF%E0%A6%B6%E0%A6%BE%E0%A6%B0%E0%A7%8D%E0%A6%B8
প্রতিভাস,https://www.prothoma.com/publisher/%E0%A6%AA%E0%A7%8D%E0%A6%B0%E0%A6%A4%E0%A6%BF%E0%A6%AD%E0%A6%BE%E0%A6%B8
পলল প্রকাশনী,https://www.prothoma.com/publisher/%E0%A6%AA%E0%A6%B2%E0%A6%B2-%E0%A6%AA%E0%A7%8D%E0%A6%B0%E0%A6%95%E0%A6%BE%E0%A6%B6%E0%A6%A8%E0%A7%80
গতিধারা,https://www.prothoma.com/publisher/%E0%A6%97%E0%A6%A4%E0%A6%BF%E0%A6%A7%E0%A6%BE%E0%A6%B0%E0%A6%BE
শোভা প্রকাশ,https://www.prothoma.com/publisher/%E0%A6%B6%E0%A7%8B%E0%A6%AD%E0%A6%BE-%E0%A6%AA%E0%A7%8D%E0%A6%B0%E0%A6%95%E0%A6%BE%E0%A6%B6
স্বরবৃত্ত প্রকাশন,https://www.prothoma.com/publisher/%E0%A6%B8%E0%A7%8D%E0%A6%AC%E0%A6%B0%E0%A6%AC%E0%A7%83%E0%A6%A4%E0%A7%8D%E0%A6%A4-%E0%A6%AA%E0%A7%8D%E0%A6%B0%E0%A6%95%E0%A6%BE%E0%A6%B6%E0%A6%A8
সন্দেশ,https://www.prothoma.com/publisher/%E0%A6%B8%E0%A6%A8%E0%A7%8D%E0%A6%A6%E0%A7%87%E0%A6%B6
নালন্দা,https://www.prothoma.com/publisher/%E0%A6%A8%E0%A6%BE%E0%A6%B2%E0%A6%A8%E0%A7%8D%E0%A6%A6%E0%A6%BE
সোপান পাবলিশার্স (ভারত),https://www.prothoma.com/publisher/%E0%A6%B8%E0%A7%8B%E0%A6%AA%E0%A6%BE%E0%A6%A8-%E0%A6%AA%E0%A6%BE%E0%A6%AC%E0%A6%B2%E0%A6%BF%E0%A6%B6%E0%A6%BE%E0%A6%B0%E0%A7%8D%E0%A6%B8-%28%E0%A6%AD%E0%A6%BE%E0%A6%B0%E0%A6%A4%29
মীরা প্রকাশন,https://www.prothoma.com/publisher/%E0%A6%AE%E0%A7%80%E0%A6%B0%E0%A6%BE-%E0%A6%AA%E0%A7%8D%E0%A6%B0%E0%A6%95%E0%A6%BE%E0%A6%B6%E0%A6%A8
আলোকপাত প্রকাশন,https://www.prothoma.com/publisher/%E0%A6%86%E0%A6%B2%E0%A7%8B%E0%A6%95%E0%A6%AA%E0%A6%BE%E0%A6%A4-%E0%A6%AA%E0%A7%8D%E0%A6%B0%E0%A6%95%E0%A6%BE%E0%A6%B6%E0%A6%A8
প্রতিভাস (ভারত),https://www.prothoma.com/publisher/%E0%A6%AA%E0%A7%8D%E0%A6%B0%E0%A6%A4%E0%A6%BF%E0%A6%AD%E0%A6%BE%E0%A6%B8-%28%E0%A6%AD%E0%A6%BE%E0%A6%B0%E0%A6%A4%29
চারুলিপি প্রকাশন,https://www.prothoma.com/publisher/%E0%A6%9A%E0%A6%BE%E0%A6%B0%E0%A7%81%E0%A6%B2%E0%A6%BF%E0%A6%AA%E0%A6%BF-%E0%A6%AA%E0%A7%8D%E0%A6%B0%E0%A6%95%E0%A6%BE%E0%A6%B6%E0%A6%A8-1
কবি প্রকাশনী,https://www.prothoma.com/publisher/%E0%A6%95%E0%A6%AC%E0%A6%BF-%E0%A6%AA%E0%A7%8D%E0%A6%B0%E0%A6%95%E0%A6%BE%E0%A6%B6%E0%A6%A8%E0%A7%80
সাহিত্য প্রকাশ,https://www.prothoma.com/publisher/%E0%A6%B8%E0%A6%BE%E0%A6%B9%E0%A6%BF%E0%A6%A4%E0%A7%8D%E0%A6%AF-%E0%A6%AA%E0%A7%8D%E0%A6%B0%E0%A6%95%E0%A6%BE%E0%A6%B6-1
নূরজাহান বোস,https://www.prothoma.com/publisher/%E0%A6%A8%E0%A7%82%E0%A6%B0%E0%A6%9C%E0%A6%BE%E0%A6%B9%E0%A6%BE%E0%A6%A8-%E0%A6%AC%E0%A7%8B%E0%A6%B8
জাতীয় সাহিত্য প্রকাশ,https://www.prothoma.com/publisher/%E0%A6%9C%E0%A6%BE%E0%A6%A4%E0%A7%80%E0%A6%AF%E0%A6%BC-%E0%A6%B8%E0%A6%BE%E0%A6%B9%E0%A6%BF%E0%A6%A4%E0%A7%8D%E0%A6%AF-%E0%A6%AA%E0%A7%8D%E0%A6%B0%E0%A6%95%E0%A6%BE%E0%A6%B6-1
উৎস প্রকাশন,https://www.prothoma.com/publisher/%E0%A6%89%E0%A7%8E%E0%A6%B8-%E0%A6%AA%E0%A7%8D%E0%A6%B0%E0%A6%95%E0%A6%BE%E0%A6%B6%E0%A6%A8
বাংলাপ্রকাশ,https://www.prothoma.com/publisher/%E0%A6%AC%E0%A6%BE%E0%A6%82%E0%A6%B2%E0%A6%BE%E0%A6%AA%E0%A7%8D%E0%A6%B0%E0%A6%95%E0%A6%BE%E0%A6%B6
আহমদ পাবলিশিং হাউজ,https://www.prothoma.com/publisher/%E0%A6%86%E0%A6%B9%E0%A6%AE%E0%A6%A6-%E0%A6%AA%E0%A6%BE%E0%A6%AC%E0%A6%B2%E0%A6%BF%E0%A6%B6%E0%A6%BF%E0%A6%82-%E0%A6%B9%E0%A6%BE%E0%A6%89%E0%A6%9C-1
কমন,https://www.prothoma.com/publisher/%E0%A6%95%E0%A6%AE%E0%A6%A8
শুদ্ধস্বর,https://www.prothoma.com/publisher/%E0%A6%B6%E0%A7%81%E0%A6%A6%E0%A7%8D%E0%A6%A7%E0%A6%B8%E0%A7%8D%E0%A6%AC%E0%A6%B0
নিরক্ষর,https://www.prothoma.com/publisher/%E0%A6%A8%E0%A6%BF%E0%A6%B0%E0%A6%95%E0%A7%8D%E0%A6%B7%E0%A6%B0
বাংলা একাডেমি,https://www.prothoma.com/publisher/%E0%A6%AC%E0%A6%BE%E0%A6%82%E0%A6%B2%E0%A6%BE-%E0%A6%8F%E0%A6%95%E0%A6%BE%E0%A6%A1%E0%A7%87%E0%A6%AE%E0%A6%BF-1
কাগজ প্রকাশন,https://www.prothoma.com/publisher/%E0%A6%95%E0%A6%BE%E0%A6%97%E0%A6%9C-%E0%A6%AA%E0%A7%8D%E0%A6%B0%E0%A6%95%E0%A6%BE%E0%A6%B6%E0%A6%A8
সুবর্ণ,https://www.prothoma.com/publisher/%E0%A6%B8%E0%A7%81%E0%A6%AC%E0%A6%B0%E0%A7%8D%E0%A6%A3
রাইটারস্.ইঙ্ক,https://www.prothoma.com/publisher/%E0%A6%B0%E0%A6%BE%E0%A6%87%E0%A6%9F%E0%A6%BE%E0%A6%B0%E0%A6%B8%E0%A7%8D.%E0%A6%87%E0%A6%99%E0%A7%8D%E0%A6%95
সিঁড়ি প্রকাশন,https://www.prothoma.com/publisher/%E0%A6%B8%E0%A6%BF%E0%A6%81%E0%A6%A1%E0%A6%BC%E0%A6%BF-%E0%A6%AA%E0%A7%8D%E0%A6%B0%E0%A6%95%E0%A6%BE%E0%A6%B6%E0%A6%A8-1
চন্দ্রাবতী একাডেমি,https://www.prothoma.com/publisher/%E0%A6%9A%E0%A6%A8%E0%A7%8D%E0%A6%A6%E0%A7%8D%E0%A6%B0%E0%A6%BE%E0%A6%AC%E0%A6%A4%E0%A7%80-%E0%A6%8F%E0%A6%95%E0%A6%BE%E0%A6%A1%E0%A7%87%E0%A6%AE%E0%A6%BF
প্র প্রকাশন,https://www.prothoma.com/publisher/%E0%A6%AA%E0%A7%8D%E0%A6%B0-%E0%A6%AA%E0%A7%8D%E0%A6%B0%E0%A6%95%E0%A6%BE%E0%A6%B6%E0%A6%A8
ভাষাচিত্র,https://www.prothoma.com/publisher/%E0%A6%AD%E0%A6%BE%E0%A6%B7%E0%A6%BE%E0%A6%9A%E0%A6%BF%E0%A6%A4%E0%A7%8D%E0%A6%B0
অধ্যায়ন প্রকাশনী ,https://www.prothoma.com/publisher/%E0%A6%85%E0%A6%A7%E0%A7%8D%E0%A6%AF%E0%A6%BE%E0%A6%AF%E0%A6%BC%E0%A6%A8-%E0%A6%AA%E0%A7%8D%E0%A6%B0%E0%A6%95%E0%A6%BE%E0%A6%B6%E0%A6%A8%E0%A7%80
বাঙলায়ন,https://www.prothoma.com/publisher/%E0%A6%AC%E0%A6%BE%E0%A6%99%E0%A6%B2%E0%A6%BE%E0%A6%AF%E0%A6%BC%E0%A6%A8
ভিন্নচোখ,https://www.prothoma.com/publisher/%E0%A6%AD%E0%A6%BF%E0%A6%A8%E0%A7%8D%E0%A6%A8%E0%A6%9A%E0%A7%8B%E0%A6%96
সমতট,https://www.prothoma.com/publisher/%E0%A6%B8%E0%A6%AE%E0%A6%A4%E0%A6%9F
দি স্কাই পাবলিশার্স,https://www.prothoma.com/publisher/%E0%A6%A6%E0%A6%BF-%E0%A6%B8%E0%A7%8D%E0%A6%95%E0%A6%BE%E0%A6%87-%E0%A6%AA%E0%A6%BE%E0%A6%AC%E0%A6%B2%E0%A6%BF%E0%A6%B6%E0%A6%BE%E0%A6%B0%E0%A7%8D%E0%A6%B8
ঐশী পাবলিকেশন্স,https://www.prothoma.com/publisher/%E0%A6%90%E0%A6%B6%E0%A7%80-%E0%A6%AA%E0%A6%BE%E0%A6%AC%E0%A6%B2%E0%A6%BF%E0%A6%95%E0%A7%87%E0%A6%B6%E0%A6%A8%E0%A7%8D%E0%A6%B8
ভূমিকা,https://www.prothoma.com/publisher/%E0%A6%AD%E0%A7%82%E0%A6%AE%E0%A6%BF%E0%A6%95%E0%A6%BE
পাঠসূত্র প্রকাশনী,https://www.prothoma.com/publisher/%E0%A6%AA%E0%A6%BE%E0%A6%A0%E0%A6%B8%E0%A7%82%E0%A6%A4%E0%A7%8D%E0%A6%B0-%E0%A6%AA%E0%A7%8D%E0%A6%B0%E0%A6%95%E0%A6%BE%E0%A6%B6%E0%A6%A8%E0%A7%80
জিনিয়াস পাবলিকেশন্স,https://www.prothoma.com/publisher/%E0%A6%9C%E0%A6%BF%E0%A6%A8%E0%A6%BF%E0%A6%AF%E0%A6%BC%E0%A6%BE%E0%A6%B8-%E0%A6%AA%E0%A6%BE%E0%A6%AC%E0%A6%B2%E0%A6%BF%E0%A6%95%E0%A7%87%E0%A6%B6%E0%A6%A8%E0%A7%8D%E0%A6%B8
নান্দনিক,https://www.prothoma.com/publisher/%E0%A6%A8%E0%A6%BE%E0%A6%A8%E0%A7%8D%E0%A6%A6%E0%A6%A8%E0%A6%BF%E0%A6%95
সংঘ প্রকাশন,https://www.prothoma.com/publisher/%E0%A6%B8%E0%A6%82%E0%A6%98-%E0%A6%AA%E0%A7%8D%E0%A6%B0%E0%A6%95%E0%A6%BE%E0%A6%B6%E0%A6%A8
জ্ঞানকোষ প্রকাশনী,https://www.prothoma.com/publisher/%E0%A6%9C%E0%A7%8D%E0%A6%9E%E0%A6%BE%E0%A6%A8%E0%A6%95%E0%A7%8B%E0%A6%B7-%E0%A6%AA%E0%A7%8D%E0%A6%B0%E0%A6%95%E0%A6%BE%E0%A6%B6%E0%A6%A8%E0%A7%80
শব্দগুচ্ছ,https://www.prothoma.com/publisher/%E0%A6%B6%E0%A6%AC%E0%A7%8D%E0%A6%A6%E0%A6%97%E0%A7%81%E0%A6%9A%E0%A7%8D%E0%A6%9B
শৈশব,https://www.prothoma.com/publisher/%E0%A6%B6%E0%A7%88%E0%A6%B6%E0%A6%AC
কবিতীর্থ (কলকাতা),https://www.prothoma.com/publisher/%E0%A6%95%E0%A6%AC%E0%A6%BF%E0%A6%A4%E0%A7%80%E0%A6%B0%E0%A7%8D%E0%A6%A5-%28%E0%A6%95%E0%A6%B2%E0%A6%95%E0%A6%BE%E0%A6%A4%E0%A6%BE%29
গাঙচিল (ভারত),https://www.prothoma.com/publisher/%E0%A6%97%E0%A6%BE%E0%A6%99%E0%A6%9A%E0%A6%BF%E0%A6%B2-%28%E0%A6%AD%E0%A6%BE%E0%A6%B0%E0%A6%A4%29
বুক ক্লাব,https://www.prothoma.com/publisher/%E0%A6%AC%E0%A7%81%E0%A6%95-%E0%A6%95%E0%A7%8D%E0%A6%B2%E0%A6%BE%E0%A6%AC
ল্যাব বাংলা,https://www.prothoma.com/publisher/%E0%A6%B2%E0%A7%8D%E0%A6%AF%E0%A6%BE%E0%A6%AC-%E0%A6%AC%E0%A6%BE%E0%A6%82%E0%A6%B2%E0%A6%BE
আদি-মল্লিক ব্রাদার্স,https://www.prothoma.com/publisher/%E0%A6%86%E0%A6%A6%E0%A6%BF-%E0%A6%AE%E0%A6%B2%E0%A7%8D%E0%A6%B2%E0%A6%BF%E0%A6%95-%E0%A6%AC%E0%A7%8D%E0%A6%B0%E0%A6%BE%E0%A6%A6%E0%A6%BE%E0%A6%B0%E0%A7%8D%E0%A6%B8
রাবেয়া বুকস্,https://www.prothoma.com/publisher/%E0%A6%B0%E0%A6%BE%E0%A6%AC%E0%A7%87%E0%A6%AF%E0%A6%BC%E0%A6%BE-%E0%A6%AC%E0%A7%81%E0%A6%95%E0%A6%B8%E0%A7%8D
বর্ণায়ন,https://www.prothoma.com/publisher/%E0%A6%AC%E0%A6%B0%E0%A7%8D%E0%A6%A3%E0%A6%BE%E0%A6%AF%E0%A6%BC%E0%A6%A8
স্বর্ণাক্ষর প্রকাশনী (ভারত),https://www.prothoma.com/publisher/%E0%A6%B8%E0%A7%8D%E0%A6%AC%E0%A6%B0%E0%A7%8D%E0%A6%A3%E0%A6%BE%E0%A6%95%E0%A7%8D%E0%A6%B7%E0%A6%B0-%E0%A6%AA%E0%A7%8D%E0%A6%B0%E0%A6%95%E0%A6%BE%E0%A6%B6%E0%A6%A8%E0%A7%80-%28%E0%A6%AD%E0%A6%BE%E0%A6%B0%E0%A6%A4%29
ধ্রুবপদ,https://www.prothoma.com/publisher/%E0%A6%A7%E0%A7%8D%E0%A6%B0%E0%A7%81%E0%A6%AC%E0%A6%AA%E0%A6%A6
র‌্যাডিকেল ইম্প্রেশন (ভারত),https://www.prothoma.com/publisher/%E0%A6%B0%E2%80%8C%E0%A7%8D%E0%A6%AF%E0%A6%BE%E0%A6%A1%E0%A6%BF%E0%A6%95%E0%A7%87%E0%A6%B2-%E0%A6%87%E0%A6%AE%E0%A7%8D%E0%A6%AA%E0%A7%8D%E0%A6%B0%E0%A7%87%E0%A6%B6%E0%A6%A8-%28%E0%A6%AD%E0%A6%BE%E0%A6%B0%E0%A6%A4%29
কুঁড়েঘর প্রকাশনী লিমিটেড,https://www.prothoma.com/publisher/%E0%A6%95%E0%A7%81%E0%A6%81%E0%A6%A1%E0%A6%BC%E0%A7%87%E0%A6%98%E0%A6%B0-%E0%A6%AA%E0%A7%8D%E0%A6%B0%E0%A6%95%E0%A6%BE%E0%A6%B6%E0%A6%A8%E0%A7%80-%E0%A6%B2%E0%A6%BF%E0%A6%AE%E0%A6%BF%E0%A6%9F%E0%A7%87%E0%A6%A1
বাংলা একাডেমি,https://www.prothoma.com/publisher/%E0%A6%AC%E0%A6%BE%E0%A6%82%E0%A6%B2%E0%A6%BE-%E0%A6%8F%E0%A6%95%E0%A6%BE%E0%A6%A1%E0%A7%87%E0%A6%AE%E0%A6%BF
Daily Star Books,https://www.prothoma.com/publisher/daily-star-books
মিত্র ও ঘোষ পাবলিশার্স প্রাঃ লিঃ (ভারত),https://www.prothoma.com/publisher/%E0%A6%AE%E0%A6%BF%E0%A6%A4%E0%A7%8D%E0%A6%B0-%E0%A6%93-%E0%A6%98%E0%A7%8B%E0%A6%B7-%E0%A6%AA%E0%A6%BE%E0%A6%AC%E0%A6%B2%E0%A6%BF%E0%A6%B6%E0%A6%BE%E0%A6%B0%E0%A7%8D%E0%A6%B8-%E0%A6%AA%E0%A7%8D%E0%A6%B0%E0%A6%BE%E0%A6%83-%E0%A6%B2%E0%A6%BF%E0%A6%83-%28%E0%A6%AD%E0%A6%BE%E0%A6%B0%E0%A6%A4%29
অবভাস (ভারত),https://www.prothoma.com/publisher/%E0%A6%85%E0%A6%AC%E0%A6%AD%E0%A6%BE%E0%A6%B8-%28%E0%A6%AD%E0%A6%BE%E0%A6%B0%E0%A6%A4%29
বোনা (ভারত),https://www.prothoma.com/publisher/%E0%A6%AC%E0%A7%8B%E0%A6%A8%E0%A6%BE-%28%E0%A6%AD%E0%A6%BE%E0%A6%B0%E0%A6%A4%29
পাতাবাহার (ভারত),https://www.prothoma.com/publisher/%E0%A6%AA%E0%A6%BE%E0%A6%A4%E0%A6%BE%E0%A6%AC%E0%A6%BE%E0%A6%B9%E0%A6%BE%E0%A6%B0-%28%E0%A6%AD%E0%A6%BE%E0%A6%B0%E0%A6%A4%29
করুণা প্রকাশনী (ভারত),https://www.prothoma.com/publisher/%E0%A6%95%E0%A6%B0%E0%A7%81%E0%A6%A3%E0%A6%BE-%E0%A6%AA%E0%A7%8D%E0%A6%B0%E0%A6%95%E0%A6%BE%E0%A6%B6%E0%A6%A8%E0%A7%80-%28%E0%A6%AD%E0%A6%BE%E0%A6%B0%E0%A6%A4%29
এন. ই. পাবলিশার্স (ভারত),https://www.prothoma.com/publisher/%E0%A6%8F%E0%A6%A8.-%E0%A6%87.-%E0%A6%AA%E0%A6%BE%E0%A6%AC%E0%A6%B2%E0%A6%BF%E0%A6%B6%E0%A6%BE%E0%A6%B0%E0%A7%8D%E0%A6%B8-%28%E0%A6%AD%E0%A6%BE%E0%A6%B0%E0%A6%A4%29
ক্যাম্প (ভারত),https://www.prothoma.com/publisher/%E0%A6%95%E0%A7%8D%E0%A6%AF%E0%A6%BE%E0%A6%AE%E0%A7%8D%E0%A6%AA-%28%E0%A6%AD%E0%A6%BE%E0%A6%B0%E0%A6%A4%29
অমর ভারতী (কলকাতা),https://www.prothoma.com/publisher/%E0%A6%85%E0%A6%AE%E0%A6%B0-%E0%A6%AD%E0%A6%BE%E0%A6%B0%E0%A6%A4%E0%A7%80-%28%E0%A6%95%E0%A6%B2%E0%A6%95%E0%A6%BE%E0%A6%A4%E0%A6%BE%29
সুচয়নী পাবলিশার্স,https://www.prothoma.com/publisher/%E0%A6%B8%E0%A7%81%E0%A6%9A%E0%A6%AF%E0%A6%BC%E0%A6%A8%E0%A7%80-%E0%A6%AA%E0%A6%BE%E0%A6%AC%E0%A6%B2%E0%A6%BF%E0%A6%B6%E0%A6%BE%E0%A6%B0%E0%A7%8D%E0%A6%B8
রাতুল গ্রন্থপ্রকাশ,https://www.prothoma.com/publisher/%E0%A6%B0%E0%A6%BE%E0%A6%A4%E0%A7%81%E0%A6%B2-%E0%A6%97%E0%A7%8D%E0%A6%B0%E0%A6%A8%E0%A7%8D%E0%A6%A5%E0%A6%AA%E0%A7%8D%E0%A6%B0%E0%A6%95%E0%A6%BE%E0%A6%B6
বিবেকানন্দ বুক সেণ্টার (ভারত),https://www.prothoma.com/publisher/%E0%A6%AC%E0%A6%BF%E0%A6%AC%E0%A7%87%E0%A6%95%E0%A6%BE%E0%A6%A8%E0%A6%A8%E0%A7%8D%E0%A6%A6-%E0%A6%AC%E0%A7%81%E0%A6%95-%E0%A6%B8%E0%A7%87%E0%A6%A3%E0%A7%8D%E0%A6%9F%E0%A6%BE%E0%A6%B0-%28%E0%A6%AD%E0%A6%BE%E0%A6%B0%E0%A6%A4%29
সাহিত্য সংসদ (ভারত),https://www.prothoma.com/publisher/%E0%A6%B8%E0%A6%BE%E0%A6%B9%E0%A6%BF%E0%A6%A4%E0%A7%8D%E0%A6%AF-%E0%A6%B8%E0%A6%82%E0%A6%B8%E0%A6%A6-%28%E0%A6%AD%E0%A6%BE%E0%A6%B0%E0%A6%A4%29
Bantam press,https://www.prothoma.com/publisher/bantam-press
অর্পিতা প্রকাশনী (ভারত),https://www.prothoma.com/publisher/%E0%A6%85%E0%A6%B0%E0%A7%8D%E0%A6%AA%E0%A6%BF%E0%A6%A4%E0%A6%BE-%E0%A6%AA%E0%A7%8D%E0%A6%B0%E0%A6%95%E0%A6%BE%E0%A6%B6%E0%A6%A8%E0%A7%80-%28%E0%A6%AD%E0%A6%BE%E0%A6%B0%E0%A6%A4%29
দীপায়ন (ভারত),https://www.prothoma.com/publisher/%E0%A6%A6%E0%A7%80%E0%A6%AA%E0%A6%BE%E0%A6%AF%E0%A6%BC%E0%A6%A8-%28%E0%A6%AD%E0%A6%BE%E0%A6%B0%E0%A6%A4%29
নিউ নভেল পাবলিশিং হাউস,https://www.prothoma.com/publisher/%E0%A6%A8%E0%A6%BF%E0%A6%89-%E0%A6%A8%E0%A6%AD%E0%A7%87%E0%A6%B2-%E0%A6%AA%E0%A6%BE%E0%A6%AC%E0%A6%B2%E0%A6%BF%E0%A6%B6%E0%A6%BF%E0%A6%82-%E0%A6%B9%E0%A6%BE%E0%A6%89%E0%A6%B8
জ্ঞান বিচিত্রা প্রকাশনী (ভারত),https://www.prothoma.com/publisher/%E0%A6%9C%E0%A7%8D%E0%A6%9E%E0%A6%BE%E0%A6%A8-%E0%A6%AC%E0%A6%BF%E0%A6%9A%E0%A6%BF%E0%A6%A4%E0%A7%8D%E0%A6%B0%E0%A6%BE-%E0%A6%AA%E0%A7%8D%E0%A6%B0%E0%A6%95%E0%A6%BE%E0%A6%B6%E0%A6%A8%E0%A7%80-%28%E0%A6%AD%E0%A6%BE%E0%A6%B0%E0%A6%A4%29
পশ্চিমবঙ্গ রাজ্য পুস্তক পর্ষৎ (ভারত),https://www.prothoma.com/publisher/%E0%A6%AA%E0%A6%B6%E0%A7%8D%E0%A6%9A%E0%A6%BF%E0%A6%AE%E0%A6%AC%E0%A6%99%E0%A7%8D%E0%A6%97-%E0%A6%B0%E0%A6%BE%E0%A6%9C%E0%A7%8D%E0%A6%AF-%E0%A6%AA%E0%A7%81%E0%A6%B8%E0%A7%8D%E0%A6%A4%E0%A6%95-%E0%A6%AA%E0%A6%B0%E0%A7%8D%E0%A6%B7%E0%A7%8E-%28%E0%A6%AD%E0%A6%BE%E0%A6%B0%E0%A6%A4%29
বাউলমন প্রকাশন,https://www.prothoma.com/publisher/%E0%A6%AC%E0%A6%BE%E0%A6%89%E0%A6%B2%E0%A6%AE%E0%A6%A8-%E0%A6%AA%E0%A7%8D%E0%A6%B0%E0%A6%95%E0%A6%BE%E0%A6%B6%E0%A6%A8
মুক্তচিন্তা প্রকাশনা,https://www.prothoma.com/publisher/%E0%A6%AE%E0%A7%81%E0%A6%95%E0%A7%8D%E0%A6%A4%E0%A6%9A%E0%A6%BF%E0%A6%A8%E0%A7%8D%E0%A6%A4%E0%A6%BE-%E0%A6%AA%E0%A7%8D%E0%A6%B0%E0%A6%95%E0%A6%BE%E0%A6%B6%E0%A6%A8%E0%A6%BE
প্রগ্রেসিভ পাবঃ (ভারত),https://www.prothoma.com/publisher/%E0%A6%AA%E0%A7%8D%E0%A6%B0%E0%A6%97%E0%A7%8D%E0%A6%B0%E0%A7%87%E0%A6%B8%E0%A6%BF%E0%A6%AD-%E0%A6%AA%E0%A6%BE%E0%A6%AC%E0%A6%83-%28%E0%A6%AD%E0%A6%BE%E0%A6%B0%E0%A6%A4%29
অনুষ্টুপ (ভারত),https://www.prothoma.com/publisher/%E0%A6%85%E0%A6%A8%E0%A7%81%E0%A6%B7%E0%A7%8D%E0%A6%9F%E0%A7%81%E0%A6%AA-%28%E0%A6%AD%E0%A6%BE%E0%A6%B0%E0%A6%A4%29
বঙ্গীয় সাহিত্য সংসদ (ভারত),https://www.prothoma.com/publisher/%E0%A6%AC%E0%A6%99%E0%A7%8D%E0%A6%97%E0%A7%80%E0%A6%AF%E0%A6%BC-%E0%A6%B8%E0%A6%BE%E0%A6%B9%E0%A6%BF%E0%A6%A4%E0%A7%8D%E0%A6%AF-%E0%A6%B8%E0%A6%82%E0%A6%B8%E0%A6%A6-%28%E0%A6%AD%E0%A6%BE%E0%A6%B0%E0%A6%A4%29
পাণ্ডুলিপি,https://www.prothoma.com/publisher/%E0%A6%AA%E0%A6%BE%E0%A6%A3%E0%A7%8D%E0%A6%A1%E0%A7%81%E0%A6%B2%E0%A6%BF%E0%A6%AA%E0%A6%BF
বইপড়া,https://www.prothoma.com/publisher/%E0%A6%AC%E0%A6%87%E0%A6%AA%E0%A6%A1%E0%A6%BC%E0%A6%BE
প্রগতি পাবলিশার্স,https://www.prothoma.com/publisher/%E0%A6%AA%E0%A7%8D%E0%A6%B0%E0%A6%97%E0%A6%A4%E0%A6%BF-%E0%A6%AA%E0%A6%BE%E0%A6%AC%E0%A6%B2%E0%A6%BF%E0%A6%B6%E0%A6%BE%E0%A6%B0%E0%A7%8D%E0%A6%B8
তালপাতা (ভারত),https://www.prothoma.com/publisher/%E0%A6%A4%E0%A6%BE%E0%A6%B2%E0%A6%AA%E0%A6%BE%E0%A6%A4%E0%A6%BE-%28%E0%A6%AD%E0%A6%BE%E0%A6%B0%E0%A6%A4%29
আবু রায়হান বিরুনি ফাউণ্ডেশন,https://www.prothoma.com/publisher/%E0%A6%86%E0%A6%AC%E0%A7%81-%E0%A6%B0%E0%A6%BE%E0%A6%AF%E0%A6%BC%E0%A6%B9%E0%A6%BE%E0%A6%A8-%E0%A6%AC%E0%A6%BF%E0%A6%B0%E0%A7%81%E0%A6%A8%E0%A6%BF-%E0%A6%AB%E0%A6%BE%E0%A6%89%E0%A6%A3%E0%A7%8D%E0%A6%A1%E0%A7%87%E0%A6%B6%E0%A6%A8
লালমাটি প্রকাশন (ভারত),https://www.prothoma.com/publisher/%E0%A6%B2%E0%A6%BE%E0%A6%B2%E0%A6%AE%E0%A6%BE%E0%A6%9F%E0%A6%BF-%E0%A6%AA%E0%A7%8D%E0%A6%B0%E0%A6%95%E0%A6%BE%E0%A6%B6%E0%A6%A8-%28%E0%A6%AD%E0%A6%BE%E0%A6%B0%E0%A6%A4%29
প্রতিক্ষণ (ভারত),https://www.prothoma.com/publisher/%E0%A6%AA%E0%A7%8D%E0%A6%B0%E0%A6%A4%E0%A6%BF%E0%A6%95%E0%A7%8D%E0%A6%B7%E0%A6%A3-%28%E0%A6%AD%E0%A6%BE%E0%A6%B0%E0%A6%A4%29
ছাতিম বুকস (ভারত),https://www.prothoma.com/publisher/%E0%A6%9B%E0%A6%BE%E0%A6%A4%E0%A6%BF%E0%A6%AE-%E0%A6%AC%E0%A7%81%E0%A6%95%E0%A6%B8-%28%E0%A6%AD%E0%A6%BE%E0%A6%B0%E0%A6%A4%29
গ্রন্থমিত্র (কলকাতা),https://www.prothoma.com/publisher/%E0%A6%97%E0%A7%8D%E0%A6%B0%E0%A6%A8%E0%A7%8D%E0%A6%A5%E0%A6%AE%E0%A6%BF%E0%A6%A4%E0%A7%8D%E0%A6%B0-%28%E0%A6%95%E0%A6%B2%E0%A6%95%E0%A6%BE%E0%A6%A4%E0%A6%BE%29
বঙ্গীয় কলা বিদ্যালয় (ভারত),https://www.prothoma.com/publisher/%E0%A6%AC%E0%A6%99%E0%A7%8D%E0%A6%97%E0%A7%80%E0%A6%AF%E0%A6%BC-%E0%A6%95%E0%A6%B2%E0%A6%BE-%E0%A6%AC%E0%A6%BF%E0%A6%A6%E0%A7%8D%E0%A6%AF%E0%A6%BE%E0%A6%B2%E0%A6%AF%E0%A6%BC-%28%E0%A6%AD%E0%A6%BE%E0%A6%B0%E0%A6%A4%29
বঙ্গীয় কলা কেন্দ্র (ভারত),https://www.prothoma.com/publisher/%E0%A6%AC%E0%A6%99%E0%A7%8D%E0%A6%97%E0%A7%80%E0%A6%AF%E0%A6%BC-%E0%A6%95%E0%A6%B2%E0%A6%BE-%E0%A6%95%E0%A7%87%E0%A6%A8%E0%A7%8D%E0%A6%A6%E0%A7%8D%E0%A6%B0-%28%E0%A6%AD%E0%A6%BE%E0%A6%B0%E0%A6%A4%29
শ্রী ভারতী প্রেস (ভারত),https://www.prothoma.com/publisher/%E0%A6%B6%E0%A7%8D%E0%A6%B0%E0%A7%80-%E0%A6%AD%E0%A6%BE%E0%A6%B0%E0%A6%A4%E0%A7%80-%E0%A6%AA%E0%A7%8D%E0%A6%B0%E0%A7%87%E0%A6%B8-%28%E0%A6%AD%E0%A6%BE%E0%A6%B0%E0%A6%A4%29
দীপ প্রকাশন (ভারত),https://www.prothoma.com/publisher/%E0%A6%A6%E0%A7%80%E0%A6%AA-%E0%A6%AA%E0%A7%8D%E0%A6%B0%E0%A6%95%E0%A6%BE%E0%A6%B6%E0%A6%A8-%28%E0%A6%AD%E0%A6%BE%E0%A6%B0%E0%A6%A4%29
আশাদীপ (ভারত),https://www.prothoma.com/publisher/%E0%A6%86%E0%A6%B6%E0%A6%BE%E0%A6%A6%E0%A7%80%E0%A6%AA-%28%E0%A6%AD%E0%A6%BE%E0%A6%B0%E0%A6%A4%29
হারপারকলিন্স পাবলিশার্স,https://www.prothoma.com/publisher/%E0%A6%B9%E0%A6%BE%E0%A6%B0%E0%A6%AA%E0%A6%BE%E0%A6%B0%E0%A6%95%E0%A6%B2%E0%A6%BF%E0%A6%A8%E0%A7%8D%E0%A6%B8-%E0%A6%AA%E0%A6%BE%E0%A6%AC%E0%A6%B2%E0%A6%BF%E0%A6%B6%E0%A6%BE%E0%A6%B0%E0%A7%8D%E0%A6%B8
পরম্পরা (ভারত),https://www.prothoma.com/publisher/%E0%A6%AA%E0%A6%B0%E0%A6%AE%E0%A7%8D%E0%A6%AA%E0%A6%B0%E0%A6%BE-%28%E0%A6%AD%E0%A6%BE%E0%A6%B0%E0%A6%A4%29
সিমন এ্যান্ড স্কাসটার,https://www.prothoma.com/publisher/%E0%A6%B8%E0%A6%BF%E0%A6%AE%E0%A6%A8-%E0%A6%8F%E0%A7%8D%E0%A6%AF%E0%A6%BE%E0%A6%A8%E0%A7%8D%E0%A6%A1-%E0%A6%B8%E0%A7%8D%E0%A6%95%E0%A6%BE%E0%A6%B8%E0%A6%9F%E0%A6%BE%E0%A6%B0
ভারতীয়,https://www.prothoma.com/publisher/%E0%A6%AD%E0%A6%BE%E0%A6%B0%E0%A6%A4%E0%A7%80%E0%A6%AF%E0%A6%BC
দেশী বই ,https://www.prothoma.com/publisher/%E0%A6%A6%E0%A7%87%E0%A6%B6%E0%A7%80-%E0%A6%AC%E0%A6%87
প্রথমা ও অন্যান্য ,https://www.prothoma.com/publisher/%E0%A6%AA%E0%A7%8D%E0%A6%B0%E0%A6%A5%E0%A6%AE%E0%A6%BE-%E0%A6%93-%E0%A6%85%E0%A6%A8%E0%A7%8D%E0%A6%AF%E0%A6%BE%E0%A6%A8%E0%A7%8D%E0%A6%AF
ফেসবাংলা,https://www.prothoma.com/publisher/%E0%A6%AB%E0%A7%87%E0%A6%B8%E0%A6%AC%E0%A6%BE%E0%A6%82%E0%A6%B2%E0%A6%BE
দেশী ও ভারতীয় ,https://www.prothoma.com/publisher/%E0%A6%A6%E0%A7%87%E0%A6%B6%E0%A7%80-%E0%A6%93-%E0%A6%AD%E0%A6%BE%E0%A6%B0%E0%A6%A4%E0%A7%80%E0%A6%AF%E0%A6%BC
ছায়াবীথি,https://www.prothoma.com/publisher/%E0%A6%9B%E0%A6%BE%E0%A6%AF%E0%A6%BC%E0%A6%BE%E0%A6%AC%E0%A7%80%E0%A6%A5%E0%A6%BF
চর্চাপদ (ভারত),https://www.prothoma.com/publisher/%E0%A6%9A%E0%A6%B0%E0%A7%8D%E0%A6%9A%E0%A6%BE%E0%A6%AA%E0%A6%A6-%28%E0%A6%AD%E0%A6%BE%E0%A6%B0%E0%A6%A4%29
এবং মুশায়েবা (ভারত),https://www.prothoma.com/publisher/%E0%A6%8F%E0%A6%AC%E0%A6%82-%E0%A6%AE%E0%A7%81%E0%A6%B6%E0%A6%BE%E0%A6%AF%E0%A6%BC%E0%A7%87%E0%A6%AC%E0%A6%BE-%28%E0%A6%AD%E0%A6%BE%E0%A6%B0%E0%A6%A4%29
ঋতাক্ষর প্রকাশন (ভারত),https://www.prothoma.com/publisher/%E0%A6%8B%E0%A6%A4%E0%A6%BE%E0%A6%95%E0%A7%8D%E0%A6%B7%E0%A6%B0-%E0%A6%AA%E0%A7%8D%E0%A6%B0%E0%A6%95%E0%A6%BE%E0%A6%B6%E0%A6%A8-%28%E0%A6%AD%E0%A6%BE%E0%A6%B0%E0%A6%A4%29
শ্রীহট্ট প্রকাশ,https://www.prothoma.com/publisher/%E0%A6%B6%E0%A7%8D%E0%A6%B0%E0%A7%80%E0%A6%B9%E0%A6%9F%E0%A7%8D%E0%A6%9F-%E0%A6%AA%E0%A7%8D%E0%A6%B0%E0%A6%95%E0%A6%BE%E0%A6%B6
বিজয় প্রকাশ,https://www.prothoma.com/publisher/%E0%A6%AC%E0%A6%BF%E0%A6%9C%E0%A6%AF%E0%A6%BC-%E0%A6%AA%E0%A7%8D%E0%A6%B0%E0%A6%95%E0%A6%BE%E0%A6%B6
নিমফিয়া পাবলিকেশন,https://www.prothoma.com/publisher/%E0%A6%A8%E0%A6%BF%E0%A6%AE%E0%A6%AB%E0%A6%BF%E0%A6%AF%E0%A6%BC%E0%A6%BE-%E0%A6%AA%E0%A6%BE%E0%A6%AC%E0%A6%B2%E0%A6%BF%E0%A6%95%E0%A7%87%E0%A6%B6%E0%A6%A8
মন্দাক্রান্তা (ভারত),https://www.prothoma.com/publisher/%E0%A6%AE%E0%A6%A8%E0%A7%8D%E0%A6%A6%E0%A6%BE%E0%A6%95%E0%A7%8D%E0%A6%B0%E0%A6%BE%E0%A6%A8%E0%A7%8D%E0%A6%A4%E0%A6%BE-%28%E0%A6%AD%E0%A6%BE%E0%A6%B0%E0%A6%A4%29
নান্দনিক (ভারত),https://www.prothoma.com/publisher/%E0%A6%A8%E0%A6%BE%E0%A6%A8%E0%A7%8D%E0%A6%A6%E0%A6%A8%E0%A6%BF%E0%A6%95-%28%E0%A6%AD%E0%A6%BE%E0%A6%B0%E0%A6%A4%29
সমাচার,https://www.prothoma.com/publisher/%E0%A6%B8%E0%A6%AE%E0%A6%BE%E0%A6%9A%E0%A6%BE%E0%A6%B0
বলাকা (ভারত),https://www.prothoma.com/publisher/%E0%A6%AC%E0%A6%B2%E0%A6%BE%E0%A6%95%E0%A6%BE-%28%E0%A6%AD%E0%A6%BE%E0%A6%B0%E0%A6%A4%29
বাংলা গবেষণা,https://www.prothoma.com/publisher/%E0%A6%AC%E0%A6%BE%E0%A6%82%E0%A6%B2%E0%A6%BE-%E0%A6%97%E0%A6%AC%E0%A7%87%E0%A6%B7%E0%A6%A3%E0%A6%BE
দেশ প্রকাশন (ভারত),https://www.prothoma.com/publisher/%E0%A6%A6%E0%A7%87%E0%A6%B6-%E0%A6%AA%E0%A7%8D%E0%A6%B0%E0%A6%95%E0%A6%BE%E0%A6%B6%E0%A6%A8-%28%E0%A6%AD%E0%A6%BE%E0%A6%B0%E0%A6%A4%29
বঙ্গীয় সাহিত্য পরিষৎ (ভারত),https://www.prothoma.com/publisher/%E0%A6%AC%E0%A6%99%E0%A7%8D%E0%A6%97%E0%A7%80%E0%A6%AF%E0%A6%BC-%E0%A6%B8%E0%A6%BE%E0%A6%B9%E0%A6%BF%E0%A6%A4%E0%A7%8D%E0%A6%AF-%E0%A6%AA%E0%A6%B0%E0%A6%BF%E0%A6%B7%E0%A7%8E-%28%E0%A6%AD%E0%A6%BE%E0%A6%B0%E0%A6%A4%29
বঙ্গীয় সাহিত্য পরিষৎ (ভারত),https://www.prothoma.com/publisher/%E0%A6%AC%E0%A6%99%E0%A7%8D%E0%A6%97%E0%A7%80%E0%A6%AF%E0%A6%BC-%E0%A6%B8%E0%A6%BE%E0%A6%B9%E0%A6%BF%E0%A6%A4%E0%A7%8D%E0%A6%AF-%E0%A6%AA%E0%A6%B0%E0%A6%BF%E0%A6%B7%E0%A7%8E-%28%E0%A6%AD%E0%A6%BE%E0%A6%B0%E0%A6%A4%29-1
যুথিকা বুক স্টল (ভারত),https://www.prothoma.com/publisher/%E0%A6%AF%E0%A7%81%E0%A6%A5%E0%A6%BF%E0%A6%95%E0%A6%BE-%E0%A6%AC%E0%A7%81%E0%A6%95-%E0%A6%B8%E0%A7%8D%E0%A6%9F%E0%A6%B2-%28%E0%A6%AD%E0%A6%BE%E0%A6%B0%E0%A6%A4%29
একুশ শতক (ভারত),https://www.prothoma.com/publisher/%E0%A6%8F%E0%A6%95%E0%A7%81%E0%A6%B6-%E0%A6%B6%E0%A6%A4%E0%A6%95-%28%E0%A6%AD%E0%A6%BE%E0%A6%B0%E0%A6%A4%29
অরুণা প্রকাশন (কলকাতা),https://www.prothoma.com/publisher/%E0%A6%85%E0%A6%B0%E0%A7%81%E0%A6%A3%E0%A6%BE-%E0%A6%AA%E0%A7%8D%E0%A6%B0%E0%A6%95%E0%A6%BE%E0%A6%B6%E0%A6%A8-%28%E0%A6%95%E0%A6%B2%E0%A6%95%E0%A6%BE%E0%A6%A4%E0%A6%BE%29
বাণী শিল্প (ভারত),https://www.prothoma.com/publisher/%E0%A6%AC%E0%A6%BE%E0%A6%A3%E0%A7%80-%E0%A6%B6%E0%A6%BF%E0%A6%B2%E0%A7%8D%E0%A6%AA-%28%E0%A6%AD%E0%A6%BE%E0%A6%B0%E0%A6%A4%29
যুক্ত প্রকাশনা,https://www.prothoma.com/publisher/%E0%A6%AF%E0%A7%81%E0%A6%95%E0%A7%8D%E0%A6%A4-%E0%A6%AA%E0%A7%8D%E0%A6%B0%E0%A6%95%E0%A6%BE%E0%A6%B6%E0%A6%A8%E0%A6%BE
সপ্তর্ষি প্রকাশন (ভারত),https://www.prothoma.com/publisher/%E0%A6%B8%E0%A6%AA%E0%A7%8D%E0%A6%A4%E0%A6%B0%E0%A7%8D%E0%A6%B7%E0%A6%BF-%E0%A6%AA%E0%A7%8D%E0%A6%B0%E0%A6%95%E0%A6%BE%E0%A6%B6%E0%A6%A8-%28%E0%A6%AD%E0%A6%BE%E0%A6%B0%E0%A6%A4%29
পেঙ্গুইন বুকস,https://www.prothoma.com/publisher/%E0%A6%AA%E0%A7%87%E0%A6%99%E0%A7%8D%E0%A6%97%E0%A7%81%E0%A6%87%E0%A6%A8-%E0%A6%AC%E0%A7%81%E0%A6%95%E0%A6%B8
রুপা পাবলিকেশন্স,https://www.prothoma.com/publisher/%E0%A6%B0%E0%A7%81%E0%A6%AA%E0%A6%BE-%E0%A6%AA%E0%A6%BE%E0%A6%AC%E0%A6%B2%E0%A6%BF%E0%A6%95%E0%A7%87%E0%A6%B6%E0%A6%A8%E0%A7%8D%E0%A6%B8
নফ ডাব্লডে পাবলিশিং গ্রুপ,https://www.prothoma.com/publisher/%E0%A6%A8%E0%A6%AB-%E0%A6%A1%E0%A6%BE%E0%A6%AC%E0%A7%8D%E0%A6%B2%E0%A6%A1%E0%A7%87-%E0%A6%AA%E0%A6%BE%E0%A6%AC%E0%A6%B2%E0%A6%BF%E0%A6%B6%E0%A6%BF%E0%A6%82-%E0%A6%97%E0%A7%8D%E0%A6%B0%E0%A7%81%E0%A6%AA
র‌্যানডম হাউজ,https://www.prothoma.com/publisher/%E0%A6%B0%E2%80%8C%E0%A7%8D%E0%A6%AF%E0%A6%BE%E0%A6%A8%E0%A6%A1%E0%A6%AE-%E0%A6%B9%E0%A6%BE%E0%A6%89%E0%A6%9C
ব্লুমসবারি পাবলিশিং,https://www.prothoma.com/publisher/%E0%A6%AC%E0%A7%8D%E0%A6%B2%E0%A7%81%E0%A6%AE%E0%A6%B8%E0%A6%AC%E0%A6%BE%E0%A6%B0%E0%A6%BF-%E0%A6%AA%E0%A6%BE%E0%A6%AC%E0%A6%B2%E0%A6%BF%E0%A6%B6%E0%A6%BF%E0%A6%82
ভিনটেজ বুকস্‌,https://www.prothoma.com/publisher/%E0%A6%AD%E0%A6%BF%E0%A6%A8%E0%A6%9F%E0%A7%87%E0%A6%9C-%E0%A6%AC%E0%A7%81%E0%A6%95%E0%A6%B8%E0%A7%8D%E2%80%8C
পারুল প্রকাশনী প্রাইভেট লিমিটেড (ভারত),https://www.prothoma.com/publisher/%E0%A6%AA%E0%A6%BE%E0%A6%B0%E0%A7%81%E0%A6%B2-%E0%A6%AA%E0%A7%8D%E0%A6%B0%E0%A6%95%E0%A6%BE%E0%A6%B6%E0%A6%A8%E0%A7%80-%E0%A6%AA%E0%A7%8D%E0%A6%B0%E0%A6%BE%E0%A6%87%E0%A6%AD%E0%A7%87%E0%A6%9F-%E0%A6%B2%E0%A6%BF%E0%A6%AE%E0%A6%BF%E0%A6%9F%E0%A7%87%E0%A6%A1-%28%E0%A6%AD%E0%A6%BE%E0%A6%B0%E0%A6%A4%29
প্রজ্ঞা বিকাশ (ভারত),https://www.prothoma.com/publisher/%E0%A6%AA%E0%A7%8D%E0%A6%B0%E0%A6%9C%E0%A7%8D%E0%A6%9E%E0%A6%BE-%E0%A6%AC%E0%A6%BF%E0%A6%95%E0%A6%BE%E0%A6%B6-%28%E0%A6%AD%E0%A6%BE%E0%A6%B0%E0%A6%A4%29
পত্র ভারতী (ভারত),https://www.prothoma.com/publisher/%E0%A6%AA%E0%A6%A4%E0%A7%8D%E0%A6%B0-%E0%A6%AD%E0%A6%BE%E0%A6%B0%E0%A6%A4%E0%A7%80-%28%E0%A6%AD%E0%A6%BE%E0%A6%B0%E0%A6%A4%29
সাহিত্যশ্রী (ভারত),https://www.prothoma.com/publisher/%E0%A6%B8%E0%A6%BE%E0%A6%B9%E0%A6%BF%E0%A6%A4%E0%A7%8D%E0%A6%AF%E0%A6%B6%E0%A7%8D%E0%A6%B0%E0%A7%80-%28%E0%A6%AD%E0%A6%BE%E0%A6%B0%E0%A6%A4%29
জাতীয় গ্রন্থ প্রকাশন,https://www.prothoma.com/publisher/%E0%A6%9C%E0%A6%BE%E0%A6%A4%E0%A7%80%E0%A6%AF%E0%A6%BC-%E0%A6%97%E0%A7%8D%E0%A6%B0%E0%A6%A8%E0%A7%8D%E0%A6%A5-%E0%A6%AA%E0%A7%8D%E0%A6%B0%E0%A6%95%E0%A6%BE%E0%A6%B6%E0%A6%A8
আইডিয়াস এন্ড ভিউস পাবলিকেশন,https://www.prothoma.com/publisher/%E0%A6%86%E0%A6%87%E0%A6%A1%E0%A6%BF%E0%A6%AF%E0%A6%BC%E0%A6%BE%E0%A6%B8-%E0%A6%8F%E0%A6%A8%E0%A7%8D%E0%A6%A1-%E0%A6%AD%E0%A6%BF%E0%A6%89%E0%A6%B8-%E0%A6%AA%E0%A6%BE%E0%A6%AC%E0%A6%B2%E0%A6%BF%E0%A6%95%E0%A7%87%E0%A6%B6%E0%A6%A8
সোপান (ভারত),https://www.prothoma.com/publisher/%E0%A6%B8%E0%A7%8B%E0%A6%AA%E0%A6%BE%E0%A6%A8-%28%E0%A6%AD%E0%A6%BE%E0%A6%B0%E0%A6%A4%29
নাথ পাবলিশিং (ভারত),https://www.prothoma.com/publisher/%E0%A6%A8%E0%A6%BE%E0%A6%A5-%E0%A6%AA%E0%A6%BE%E0%A6%AC%E0%A6%B2%E0%A6%BF%E0%A6%B6%E0%A6%BF%E0%A6%82-%28%E0%A6%AD%E0%A6%BE%E0%A6%B0%E0%A6%A4%29
মুক্ত পাবলিশার্স,https://www.prothoma.com/publisher/%E0%A6%AE%E0%A7%81%E0%A6%95%E0%A7%8D%E0%A6%A4-%E0%A6%AA%E0%A6%BE%E0%A6%AC%E0%A6%B2%E0%A6%BF%E0%A6%B6%E0%A6%BE%E0%A6%B0%E0%A7%8D%E0%A6%B8
সালাউদ্দিন বই ঘর,https://www.prothoma.com/publisher/%E0%A6%B8%E0%A6%BE%E0%A6%B2%E0%A6%BE%E0%A6%89%E0%A6%A6%E0%A7%8D%E0%A6%A6%E0%A6%BF%E0%A6%A8-%E0%A6%AC%E0%A6%87-%E0%A6%98%E0%A6%B0
পুস্তক বিপণি (ভারত),https://www.prothoma.com/publisher/%E0%A6%AA%E0%A7%81%E0%A6%B8%E0%A7%8D%E0%A6%A4%E0%A6%95-%E0%A6%AC%E0%A6%BF%E0%A6%AA%E0%A6%A3%E0%A6%BF-%28%E0%A6%AD%E0%A6%BE%E0%A6%B0%E0%A6%A4%29
চর্যাপদ,https://www.prothoma.com/publisher/%E0%A6%9A%E0%A6%B0%E0%A7%8D%E0%A6%AF%E0%A6%BE%E0%A6%AA%E0%A6%A6
একাডেমিক প্রেস এন্ড পাবলিশার্স লাইব্রেরি,https://www.prothoma.com/publisher/%E0%A6%8F%E0%A6%95%E0%A6%BE%E0%A6%A1%E0%A7%87%E0%A6%AE%E0%A6%BF%E0%A6%95-%E0%A6%AA%E0%A7%8D%E0%A6%B0%E0%A7%87%E0%A6%B8-%E0%A6%8F%E0%A6%A8%E0%A7%8D%E0%A6%A1-%E0%A6%AA%E0%A6%BE%E0%A6%AC%E0%A6%B2%E0%A6%BF%E0%A6%B6%E0%A6%BE%E0%A6%B0%E0%A7%8D%E0%A6%B8-%E0%A6%B2%E0%A6%BE%E0%A6%87%E0%A6%AC%E0%A7%8D%E0%A6%B0%E0%A7%87%E0%A6%B0%E0%A6%BF
বুকস্‌ ফেয়ার,https://www.prothoma.com/publisher/%E0%A6%AC%E0%A7%81%E0%A6%95%E0%A6%B8%E0%A7%8D%E2%80%8C-%E0%A6%AB%E0%A7%87%E0%A6%AF%E0%A6%BC%E0%A6%BE%E0%A6%B0
পারিজাত প্রকাশনী,https://www.prothoma.com/publisher/%E0%A6%AA%E0%A6%BE%E0%A6%B0%E0%A6%BF%E0%A6%9C%E0%A6%BE%E0%A6%A4-%E0%A6%AA%E0%A7%8D%E0%A6%B0%E0%A6%95%E0%A6%BE%E0%A6%B6%E0%A6%A8%E0%A7%80
কারিগর (ভারত),https://www.prothoma.com/publisher/%E0%A6%95%E0%A6%BE%E0%A6%B0%E0%A6%BF%E0%A6%97%E0%A6%B0-%28%E0%A6%AD%E0%A6%BE%E0%A6%B0%E0%A6%A4%29
পত্রলেখা (ভারত),https://www.prothoma.com/publisher/%E0%A6%AA%E0%A6%A4%E0%A7%8D%E0%A6%B0%E0%A6%B2%E0%A7%87%E0%A6%96%E0%A6%BE-%28%E0%A6%AD%E0%A6%BE%E0%A6%B0%E0%A6%A4%29
সিগনেট প্রেস (ভারত),https://www.prothoma.com/publisher/%E0%A6%B8%E0%A6%BF%E0%A6%97%E0%A6%A8%E0%A7%87%E0%A6%9F-%E0%A6%AA%E0%A7%8D%E0%A6%B0%E0%A7%87%E0%A6%B8-%28%E0%A6%AD%E0%A6%BE%E0%A6%B0%E0%A6%A4%29
অক্ষর প্রকাশনী (ভারত),https://www.prothoma.com/publisher/%E0%A6%85%E0%A6%95%E0%A7%8D%E0%A6%B7%E0%A6%B0-%E0%A6%AA%E0%A7%8D%E0%A6%B0%E0%A6%95%E0%A6%BE%E0%A6%B6%E0%A6%A8%E0%A7%80-%28%E0%A6%AD%E0%A6%BE%E0%A6%B0%E0%A6%A4%29
ডি. এম. লাইব্রেরি (ভারত),https://www.prothoma.com/publisher/%E0%A6%A1%E0%A6%BF.-%E0%A6%8F%E0%A6%AE.-%E0%A6%B2%E0%A6%BE%E0%A6%87%E0%A6%AC%E0%A7%8D%E0%A6%B0%E0%A7%87%E0%A6%B0%E0%A6%BF-%28%E0%A6%AD%E0%A6%BE%E0%A6%B0%E0%A6%A4%29
পলাশ প্রকাশনী,https://www.prothoma.com/publisher/%E0%A6%AA%E0%A6%B2%E0%A6%BE%E0%A6%B6-%E0%A6%AA%E0%A7%8D%E0%A6%B0%E0%A6%95%E0%A6%BE%E0%A6%B6%E0%A6%A8%E0%A7%80
স্টুডেন্ট ওয়েজ,https://www.prothoma.com/publisher/%E0%A6%B8%E0%A7%8D%E0%A6%9F%E0%A7%81%E0%A6%A1%E0%A7%87%E0%A6%A8%E0%A7%8D%E0%A6%9F-%E0%A6%93%E0%A6%AF%E0%A6%BC%E0%A7%87%E0%A6%9C
বাংলাদেশ কো-অপারেটিভ বুক সোসাইটি লিঃ,https://www.prothoma.com/publisher/%E0%A6%AC%E0%A6%BE%E0%A6%82%E0%A6%B2%E0%A6%BE%E0%A6%A6%E0%A7%87%E0%A6%B6-%E0%A6%95%E0%A7%8B-%E0%A6%85%E0%A6%AA%E0%A6%BE%E0%A6%B0%E0%A7%87%E0%A6%9F%E0%A6%BF%E0%A6%AD-%E0%A6%AC%E0%A7%81%E0%A6%95-%E0%A6%B8%E0%A7%8B%E0%A6%B8%E0%A6%BE%E0%A6%87%E0%A6%9F%E0%A6%BF-%E0%A6%B2%E0%A6%BF%E0%A6%83
মুনশী মোহাম্মদ মেহেরুল্লাহ রিসার্চ একাডেমী,https://www.prothoma.com/publisher/%E0%A6%AE%E0%A7%81%E0%A6%A8%E0%A6%B6%E0%A7%80-%E0%A6%AE%E0%A7%8B%E0%A6%B9%E0%A6%BE%E0%A6%AE%E0%A7%8D%E0%A6%AE%E0%A6%A6-%E0%A6%AE%E0%A7%87%E0%A6%B9%E0%A7%87%E0%A6%B0%E0%A7%81%E0%A6%B2%E0%A7%8D%E0%A6%B2%E0%A6%BE%E0%A6%B9-%E0%A6%B0%E0%A6%BF%E0%A6%B8%E0%A6%BE%E0%A6%B0%E0%A7%8D%E0%A6%9A-%E0%A6%8F%E0%A6%95%E0%A6%BE%E0%A6%A1%E0%A7%87%E0%A6%AE%E0%A7%80
পাবলিশিং প্লাস (ভারত),https://www.prothoma.com/publisher/%E0%A6%AA%E0%A6%BE%E0%A6%AC%E0%A6%B2%E0%A6%BF%E0%A6%B6%E0%A6%BF%E0%A6%82-%E0%A6%AA%E0%A7%8D%E0%A6%B2%E0%A6%BE%E0%A6%B8-%28%E0%A6%AD%E0%A6%BE%E0%A6%B0%E0%A6%A4%29
প্রকাশ ভবন (ভারত),https://www.prothoma.com/publisher/%E0%A6%AA%E0%A7%8D%E0%A6%B0%E0%A6%95%E0%A6%BE%E0%A6%B6-%E0%A6%AD%E0%A6%AC%E0%A6%A8-%28%E0%A6%AD%E0%A6%BE%E0%A6%B0%E0%A6%A4%29
সেরিবান (ভারত),https://www.prothoma.com/publisher/%E0%A6%B8%E0%A7%87%E0%A6%B0%E0%A6%BF%E0%A6%AC%E0%A6%BE%E0%A6%A8-%28%E0%A6%AD%E0%A6%BE%E0%A6%B0%E0%A6%A4%29
সমাজ বিকাশ প্রকাশনী,https://www.prothoma.com/publisher/%E0%A6%B8%E0%A6%AE%E0%A6%BE%E0%A6%9C-%E0%A6%AC%E0%A6%BF%E0%A6%95%E0%A6%BE%E0%A6%B6-%E0%A6%AA%E0%A7%8D%E0%A6%B0%E0%A6%95%E0%A6%BE%E0%A6%B6%E0%A6%A8%E0%A7%80
ন্যাশনাল বুক এজেন্সি প্রাইভেট লিমিটেড (ভারত),https://www.prothoma.com/publisher/%E0%A6%A8%E0%A7%8D%E0%A6%AF%E0%A6%BE%E0%A6%B6%E0%A6%A8%E0%A6%BE%E0%A6%B2-%E0%A6%AC%E0%A7%81%E0%A6%95-%E0%A6%8F%E0%A6%9C%E0%A7%87%E0%A6%A8%E0%A7%8D%E0%A6%B8%E0%A6%BF-%E0%A6%AA%E0%A7%8D%E0%A6%B0%E0%A6%BE%E0%A6%87%E0%A6%AD%E0%A7%87%E0%A6%9F-%E0%A6%B2%E0%A6%BF%E0%A6%AE%E0%A6%BF%E0%A6%9F%E0%A7%87%E0%A6%A1-%28%E0%A6%AD%E0%A6%BE%E0%A6%B0%E0%A6%A4%29
প্রিটোনিয়া পাবলিশার্স (ভারত),https://www.prothoma.com/publisher/%E0%A6%AA%E0%A7%8D%E0%A6%B0%E0%A6%BF%E0%A6%9F%E0%A7%8B%E0%A6%A8%E0%A6%BF%E0%A6%AF%E0%A6%BC%E0%A6%BE-%E0%A6%AA%E0%A6%BE%E0%A6%AC%E0%A6%B2%E0%A6%BF%E0%A6%B6%E0%A6%BE%E0%A6%B0%E0%A7%8D%E0%A6%B8-%28%E0%A6%AD%E0%A6%BE%E0%A6%B0%E0%A6%A4%29
প্রিটোনিয়া পাবলিশার্স (ভারত),https://www.prothoma.com/publisher/%E0%A6%AA%E0%A7%8D%E0%A6%B0%E0%A6%BF%E0%A6%9F%E0%A7%8B%E0%A6%A8%E0%A6%BF%E0%A6%AF%E0%A6%BC%E0%A6%BE-%E0%A6%AA%E0%A6%BE%E0%A6%AC%E0%A6%B2%E0%A6%BF%E0%A6%B6%E0%A6%BE%E0%A6%B0%E0%A7%8D%E0%A6%B8-%28%E0%A6%AD%E0%A6%BE%E0%A6%B0%E0%A6%A4%29-1
উবুদশ (ভারত),https://www.prothoma.com/publisher/%E0%A6%89%E0%A6%AC%E0%A7%81%E0%A6%A6%E0%A6%B6-%28%E0%A6%AD%E0%A6%BE%E0%A6%B0%E0%A6%A4%29
আনন্দ ধারা,https://www.prothoma.com/publisher/%E0%A6%86%E0%A6%A8%E0%A6%A8%E0%A7%8D%E0%A6%A6-%E0%A6%A7%E0%A6%BE%E0%A6%B0%E0%A6%BE
মুক্তদেশ প্রকাশন,https://www.prothoma.com/publisher/%E0%A6%AE%E0%A7%81%E0%A6%95%E0%A7%8D%E0%A6%A4%E0%A6%A6%E0%A7%87%E0%A6%B6-%E0%A6%AA%E0%A7%8D%E0%A6%B0%E0%A6%95%E0%A6%BE%E0%A6%B6%E0%A6%A8
প্রগতিশীল প্রকাশক (ভারত),https://www.prothoma.com/publisher/%E0%A6%AA%E0%A7%8D%E0%A6%B0%E0%A6%97%E0%A6%A4%E0%A6%BF%E0%A6%B6%E0%A7%80%E0%A6%B2-%E0%A6%AA%E0%A7%8D%E0%A6%B0%E0%A6%95%E0%A6%BE%E0%A6%B6%E0%A6%95-%28%E0%A6%AD%E0%A6%BE%E0%A6%B0%E0%A6%A4%29
শ্রাবণ প্রকাশনী,https://www.prothoma.com/publisher/%E0%A6%B6%E0%A7%8D%E0%A6%B0%E0%A6%BE%E0%A6%AC%E0%A6%A3-%E0%A6%AA%E0%A7%8D%E0%A6%B0%E0%A6%95%E0%A6%BE%E0%A6%B6%E0%A6%A8%E0%A7%80
সেতু প্রকাশনী (ভারত),https://www.prothoma.com/publisher/%E0%A6%B8%E0%A7%87%E0%A6%A4%E0%A7%81-%E0%A6%AA%E0%A7%8D%E0%A6%B0%E0%A6%95%E0%A6%BE%E0%A6%B6%E0%A6%A8%E0%A7%80-%28%E0%A6%AD%E0%A6%BE%E0%A6%B0%E0%A6%A4%29
গ্রিফার মার্ক পাবলিকেশন্স,https://www.prothoma.com/publisher/%E0%A6%97%E0%A7%8D%E0%A6%B0%E0%A6%BF%E0%A6%AB%E0%A6%BE%E0%A6%B0-%E0%A6%AE%E0%A6%BE%E0%A6%B0%E0%A7%8D%E0%A6%95-%E0%A6%AA%E0%A6%BE%E0%A6%AC%E0%A6%B2%E0%A6%BF%E0%A6%95%E0%A7%87%E0%A6%B6%E0%A6%A8%E0%A7%8D%E0%A6%B8
সাগ্নিক বুকস (ভারত),https://www.prothoma.com/publisher/%E0%A6%B8%E0%A6%BE%E0%A6%97%E0%A7%8D%E0%A6%A8%E0%A6%BF%E0%A6%95-%E0%A6%AC%E0%A7%81%E0%A6%95%E0%A6%B8-%28%E0%A6%AD%E0%A6%BE%E0%A6%B0%E0%A6%A4%29
নবজাতক প্রকাশন (ভারত),https://www.prothoma.com/publisher/%E0%A6%A8%E0%A6%AC%E0%A6%9C%E0%A6%BE%E0%A6%A4%E0%A6%95-%E0%A6%AA%E0%A7%8D%E0%A6%B0%E0%A6%95%E0%A6%BE%E0%A6%B6%E0%A6%A8-%28%E0%A6%AD%E0%A6%BE%E0%A6%B0%E0%A6%A4%29
এডুকেশন ফোরাম (ভারত),https://www.prothoma.com/publisher/%E0%A6%8F%E0%A6%A1%E0%A7%81%E0%A6%95%E0%A7%87%E0%A6%B6%E0%A6%A8-%E0%A6%AB%E0%A7%8B%E0%A6%B0%E0%A6%BE%E0%A6%AE-%28%E0%A6%AD%E0%A6%BE%E0%A6%B0%E0%A6%A4%29
সেজ পাবলিকেশন্স,https://www.prothoma.com/publisher/%E0%A6%B8%E0%A7%87%E0%A6%9C-%E0%A6%AA%E0%A6%BE%E0%A6%AC%E0%A6%B2%E0%A6%BF%E0%A6%95%E0%A7%87%E0%A6%B6%E0%A6%A8%E0%A7%8D%E0%A6%B8
বাঙলার পাঠশালা,https://www.prothoma.com/publisher/%E0%A6%AC%E0%A6%BE%E0%A6%99%E0%A6%B2%E0%A6%BE%E0%A6%B0-%E0%A6%AA%E0%A6%BE%E0%A6%A0%E0%A6%B6%E0%A6%BE%E0%A6%B2%E0%A6%BE
পিপলস বুক সোসাইটি (ভারত),https://www.prothoma.com/publisher/%E0%A6%AA%E0%A6%BF%E0%A6%AA%E0%A6%B2%E0%A6%B8-%E0%A6%AC%E0%A7%81%E0%A6%95-%E0%A6%B8%E0%A7%8B%E0%A6%B8%E0%A6%BE%E0%A6%87%E0%A6%9F%E0%A6%BF-%28%E0%A6%AD%E0%A6%BE%E0%A6%B0%E0%A6%A4%29
প্যাপিরাস (ভারত),https://www.prothoma.com/publisher/%E0%A6%AA%E0%A7%8D%E0%A6%AF%E0%A6%BE%E0%A6%AA%E0%A6%BF%E0%A6%B0%E0%A6%BE%E0%A6%B8-%28%E0%A6%AD%E0%A6%BE%E0%A6%B0%E0%A6%A4%29
ধ্রুপদ সাহিত্যাঙ্গন,https://www.prothoma.com/publisher/%E0%A6%A7%E0%A7%8D%E0%A6%B0%E0%A7%81%E0%A6%AA%E0%A6%A6-%E0%A6%B8%E0%A6%BE%E0%A6%B9%E0%A6%BF%E0%A6%A4%E0%A7%8D%E0%A6%AF%E0%A6%BE%E0%A6%99%E0%A7%8D%E0%A6%97%E0%A6%A8
নবরাগ প্রকাশনী,https://www.prothoma.com/publisher/%E0%A6%A8%E0%A6%AC%E0%A6%B0%E0%A6%BE%E0%A6%97-%E0%A6%AA%E0%A7%8D%E0%A6%B0%E0%A6%95%E0%A6%BE%E0%A6%B6%E0%A6%A8%E0%A7%80
রুহী প্রকাশনী,https://www.prothoma.com/publisher/%E0%A6%B0%E0%A7%81%E0%A6%B9%E0%A7%80-%E0%A6%AA%E0%A7%8D%E0%A6%B0%E0%A6%95%E0%A6%BE%E0%A6%B6%E0%A6%A8%E0%A7%80
বুক চয়েস,https://www.prothoma.com/publisher/%E0%A6%AC%E0%A7%81%E0%A6%95-%E0%A6%9A%E0%A6%AF%E0%A6%BC%E0%A7%87%E0%A6%B8
অপর্ণা বুক ডিস্ট্রিবিউটরস (ভারত),https://www.prothoma.com/publisher/%E0%A6%85%E0%A6%AA%E0%A6%B0%E0%A7%8D%E0%A6%A3%E0%A6%BE-%E0%A6%AC%E0%A7%81%E0%A6%95-%E0%A6%A1%E0%A6%BF%E0%A6%B8%E0%A7%8D%E0%A6%9F%E0%A7%8D%E0%A6%B0%E0%A6%BF%E0%A6%AC%E0%A6%BF%E0%A6%89%E0%A6%9F%E0%A6%B0%E0%A6%B8-%28%E0%A6%AD%E0%A6%BE%E0%A6%B0%E0%A6%A4%29
সুত্রধর (ভারত),https://www.prothoma.com/publisher/%E0%A6%B8%E0%A7%81%E0%A6%A4%E0%A7%8D%E0%A6%B0%E0%A6%A7%E0%A6%B0-%28%E0%A6%AD%E0%A6%BE%E0%A6%B0%E0%A6%A4%29
দিয়া পাবলিকেশন (ভারত),https://www.prothoma.com/publisher/%E0%A6%A6%E0%A6%BF%E0%A6%AF%E0%A6%BC%E0%A6%BE-%E0%A6%AA%E0%A6%BE%E0%A6%AC%E0%A6%B2%E0%A6%BF%E0%A6%95%E0%A7%87%E0%A6%B6%E0%A6%A8-%28%E0%A6%AD%E0%A6%BE%E0%A6%B0%E0%A6%A4%29
পুনশ্চ (ভারত),https://www.prothoma.com/publisher/%E0%A6%AA%E0%A7%81%E0%A6%A8%E0%A6%B6%E0%A7%8D%E0%A6%9A-%28%E0%A6%AD%E0%A6%BE%E0%A6%B0%E0%A6%A4%29
শুভ প্রকাশন,https://www.prothoma.com/publisher/%E0%A6%B6%E0%A7%81%E0%A6%AD-%E0%A6%AA%E0%A7%8D%E0%A6%B0%E0%A6%95%E0%A6%BE%E0%A6%B6%E0%A6%A8
অগ্রণী বুক ক্লাব (ভারত),https://www.prothoma.com/publisher/%E0%A6%85%E0%A6%97%E0%A7%8D%E0%A6%B0%E0%A6%A3%E0%A7%80-%E0%A6%AC%E0%A7%81%E0%A6%95-%E0%A6%95%E0%A7%8D%E0%A6%B2%E0%A6%BE%E0%A6%AC-%28%E0%A6%AD%E0%A6%BE%E0%A6%B0%E0%A6%A4%29
কৃতি (ভারত),https://www.prothoma.com/publisher/%E0%A6%95%E0%A7%83%E0%A6%A4%E0%A6%BF-%28%E0%A6%AD%E0%A6%BE%E0%A6%B0%E0%A6%A4%29
প্রেসিডেন্সী লাইব্রেরী (ভারত),https://www.prothoma.com/publisher/%E0%A6%AA%E0%A7%8D%E0%A6%B0%E0%A7%87%E0%A6%B8%E0%A6%BF%E0%A6%A1%E0%A7%87%E0%A6%A8%E0%A7%8D%E0%A6%B8%E0%A7%80-%E0%A6%B2%E0%A6%BE%E0%A6%87%E0%A6%AC%E0%A7%8D%E0%A6%B0%E0%A7%87%E0%A6%B0%E0%A7%80-%28%E0%A6%AD%E0%A6%BE%E0%A6%B0%E0%A6%A4%29
ঊর্বী প্রকাশন (ভারত),https://www.prothoma.com/publisher/%E0%A6%8A%E0%A6%B0%E0%A7%8D%E0%A6%AC%E0%A7%80-%E0%A6%AA%E0%A7%8D%E0%A6%B0%E0%A6%95%E0%A6%BE%E0%A6%B6%E0%A6%A8-%28%E0%A6%AD%E0%A6%BE%E0%A6%B0%E0%A6%A4%29
আবরার পাবলিকেশন্স,https://www.prothoma.com/publisher/%E0%A6%86%E0%A6%AC%E0%A6%B0%E0%A6%BE%E0%A6%B0-%E0%A6%AA%E0%A6%BE%E0%A6%AC%E0%A6%B2%E0%A6%BF%E0%A6%95%E0%A7%87%E0%A6%B6%E0%A6%A8%E0%A7%8D%E0%A6%B8
চিরায়ত প্রকাশন (ভারত),https://www.prothoma.com/publisher/%E0%A6%9A%E0%A6%BF%E0%A6%B0%E0%A6%BE%E0%A6%AF%E0%A6%BC%E0%A6%A4-%E0%A6%AA%E0%A7%8D%E0%A6%B0%E0%A6%95%E0%A6%BE%E0%A6%B6%E0%A6%A8-%28%E0%A6%AD%E0%A6%BE%E0%A6%B0%E0%A6%A4%29
প্রিয়া বুক হাউস (ভারত),https://www.prothoma.com/publisher/%E0%A6%AA%E0%A7%8D%E0%A6%B0%E0%A6%BF%E0%A6%AF%E0%A6%BC%E0%A6%BE-%E0%A6%AC%E0%A7%81%E0%A6%95-%E0%A6%B9%E0%A6%BE%E0%A6%89%E0%A6%B8-%28%E0%A6%AD%E0%A6%BE%E0%A6%B0%E0%A6%A4%29
পূর্বা প্রকাশন (ভারত),https://www.prothoma.com/publisher/%E0%A6%AA%E0%A7%82%E0%A6%B0%E0%A7%8D%E0%A6%AC%E0%A6%BE-%E0%A6%AA%E0%A7%8D%E0%A6%B0%E0%A6%95%E0%A6%BE%E0%A6%B6%E0%A6%A8-%28%E0%A6%AD%E0%A6%BE%E0%A6%B0%E0%A6%A4%29
বিশ্বভারতী (ভারত),https://www.prothoma.com/publisher/%E0%A6%AC%E0%A6%BF%E0%A6%B6%E0%A7%8D%E0%A6%AC%E0%A6%AD%E0%A6%BE%E0%A6%B0%E0%A6%A4%E0%A7%80-%28%E0%A6%AD%E0%A6%BE%E0%A6%B0%E0%A6%A4%29
অদ্রি প্রকাশ,https://www.prothoma.com/publisher/%E0%A6%85%E0%A6%A6%E0%A7%8D%E0%A6%B0%E0%A6%BF-%E0%A6%AA%E0%A7%8D%E0%A6%B0%E0%A6%95%E0%A6%BE%E0%A6%B6
অফবিট পাবলিশিং (ভারত),https://www.prothoma.com/publisher/%E0%A6%85%E0%A6%AB%E0%A6%AC%E0%A6%BF%E0%A6%9F-%E0%A6%AA%E0%A6%BE%E0%A6%AC%E0%A6%B2%E0%A6%BF%E0%A6%B6%E0%A6%BF%E0%A6%82-%28%E0%A6%AD%E0%A6%BE%E0%A6%B0%E0%A6%A4%29
